,source,target,length,Name_2,ID_2,geometry,unique_id,traffic_id,volume,1,2,3,4,5,6,7,8,9,10,11,12
0,954272,279457,10460.10809,,,"MULTILINESTRING ((9.038838694405207 58.75541207427107, 8.859373760460187 58.74451794220551))",954272_279457,15882V21841,948.0,948.0,1066.0,1116.0,1086.0,1154.0,1255.0,1294.0,,,,,
3,1306725,892553,16944.55074,,,"MULTILINESTRING ((9.782295476831635 59.70627843980577, 10.010051871059183 59.60703378004697))",1306725_892553,08002V181261,10201.0,10201.0,11083.0,10841.0,10668.0,10862.0,11847.0,,12423.0,,,,
8,1306725,613853,17910.82374,,,"MULTILINESTRING ((9.782295476831635 59.70627843980577, 9.820849141115485 59.54669793153654))",1306725_613853,08002V181261,10201.0,10201.0,11083.0,10841.0,10668.0,10862.0,11847.0,,12423.0,,,,
13,1306725,246612,11239.09381,,,"MULTILINESTRING ((9.782295476831635 59.70627843980577, 9.591272614336466 59.735753484232795))",1306725_246612,08002V181261,10201.0,10201.0,11083.0,10841.0,10668.0,10862.0,11847.0,,12423.0,,,,
18,626111,246612,12162.60912,,,"MULTILINESTRING ((9.525987851154536 59.63169091505147, 9.591272614336466 59.735753484232795))",626111_246612,36539V181297,2125.0,2125.0,2523.0,2577.0,2277.0,2382.0,2768.0,3337.0,3112.0,2881.0,2694.0,2188.0,2101.0
27,809264,931072,10723.85322,,,"MULTILINESTRING ((9.065468618032723 59.59727656456977, 9.081387144695078 59.693197674085084))",809264_931072,37690V521133,896.0,896.0,1113.0,1201.0,1050.0,1105.0,1314.0,1686.0,1599.0,1407.0,1163.0,903.0,
30,809264,749668,18199.66116,,,"MULTILINESTRING ((9.065468618032723 59.59727656456977, 8.743770591581647 59.607242596810316))",809264_749668,12510V521383,2034.0,2034.0,2307.0,2475.0,2446.0,2803.0,3195.0,3989.0,3612.0,3564.0,2719.0,2269.0,2075.0
31,928340,968532,13931.09618,,,"MULTILINESTRING ((8.590941131202005 59.469673754377624, 8.51282070878726 59.35113202374387))",928340_968532,39608V521433,0.0,0.0,0.0,0.0,0.0,0.0,0.0,0.0,0.0,0.0,0.0,0.0,0.0
33,928340,356477,15403.63641,,,"MULTILINESTRING ((8.590941131202005 59.469673754377624, 8.322055835169875 59.489852335289974))",928340_356477,63287V521386,2655.0,2655.0,3266.0,0.0,0.0,0.0,0.0,0.0,0.0,0.0,0.0,0.0,0.0
35,1566437,489545,15291.02535,,,"MULTILINESTRING ((7.86784781430211 59.617299971116466, 7.696642849072957 59.723783681109026))",1566437_489545,46694V521392,1050.0,1050.0,1252.0,1464.0,1517.0,1856.0,2150.0,3314.0,2515.0,1958.0,1576.0,1286.0,1207.0
36,489545,509782,15849.87154,,,"MULTILINESTRING ((7.696642849072957 59.723783681109026, 7.461862923062601 59.64537123016214))",489545_509782,12597V521106,298.0,298.0,429.0,583.0,448.0,475.0,731.0,1411.0,961.0,563.0,440.0,282.0,351.0
40,830220,1757829,19247.08111,,,"MULTILINESTRING ((7.411422925600666 59.76998716929949, 7.107518055310146 59.85005795580012))",830220_1757829,53365V521100,864.0,864.0,1137.0,1511.0,1365.0,1719.0,2127.0,3962.0,2662.0,1743.0,1275.0,940.0,1014.0
43,1757829,1716024,10175.88408,,,"MULTILINESTRING ((7.107518055310146 59.85005795580012, 6.926237366028022 59.85508968253361))",1757829_1716024,53365V521100,864.0,864.0,1137.0,1511.0,1365.0,1719.0,2127.0,3962.0,2662.0,1743.0,1275.0,940.0,1014.0
46,1716024,1660444,13697.0484,,,"MULTILINESTRING ((6.926237366028022 59.85508968253361, 6.789410261494687 59.75329029375283))",1716024_1660444,51143V319682,225.0,225.0,232.0,271.0,250.0,389.0,551.0,816.0,610.0,351.0,245.0,219.0,197.0
49,1253061,1300379,12382.23048,,,"MULTILINESTRING ((6.253914297424724 59.32978450920134, 6.154323924598323 59.231005697293554))",1253061_1300379,96084V320596,1551.0,1551.0,1677.0,1797.0,1942.0,2273.0,2552.0,2698.0,2529.0,2111.0,1880.0,1738.0,1553.0
53,1300379,1299765,12227.68985,,,"MULTILINESTRING ((6.154323924598323 59.231005697293554, 6.245932138595864 59.131819080120444))",1300379_1299765,96084V320596,1551.0,1551.0,1677.0,1797.0,1942.0,2273.0,2552.0,2698.0,2529.0,2111.0,1880.0,1738.0,1553.0
57,1300379,451620,16794.17486,,,"MULTILINESTRING ((6.154323924598323 59.231005697293554, 6.081349224758257 59.084979998511685))",1300379_451620,96084V320596,1551.0,1551.0,1677.0,1797.0,1942.0,2273.0,2552.0,2698.0,2529.0,2111.0,1880.0,1738.0,1553.0
61,1299765,451620,10777.01043,,,"MULTILINESTRING ((6.245932138595864 59.131819080120444, 6.081349224758257 59.084979998511685))",1299765_451620,96084V320596,1551.0,1551.0,1677.0,1797.0,1942.0,2273.0,2552.0,2698.0,2529.0,2111.0,1880.0,1738.0,1553.0
65,1295330,356179,12678.20296,,,"MULTILINESTRING ((5.767703067552898 59.018176911737605, 5.679592561605404 59.122555235224986))",1295330_356179,50233V320584,4072.0,4072.0,4634.0,4852.0,5149.0,5494.0,5720.0,6099.0,5716.0,4938.0,4855.0,4658.0,4419.0
68,279457,623316,14318.93735,,,"MULTILINESTRING ((8.859373760460187 58.74451794220551, 8.637936417727644 58.687472956541804))",279457_623316,15882V21841,948.0,948.0,1066.0,1116.0,1086.0,1154.0,1255.0,1294.0,,,,,
71,623316,268177,13334.23022,,,"MULTILINESTRING ((8.637936417727644 58.687472956541804, 8.421950210775634 58.72869308651428))",623316_268177,18304V22179,757.0,757.0,819.0,898.0,902.0,1013.0,1125.0,1485.0,1449.0,1197.0,972.0,841.0,686.0
75,268177,931938,14281.65667,,,"MULTILINESTRING ((8.421950210775634 58.72869308651428, 8.436248312035445 58.60069576741624))",268177_931938,18304V22179,757.0,757.0,819.0,898.0,902.0,1013.0,1125.0,1485.0,1449.0,1197.0,972.0,841.0,686.0
79,268177,622916,14271.4248,,,"MULTILINESTRING ((8.421950210775634 58.72869308651428, 8.260846682688317 58.63186015431526))",268177_622916,18304V22179,757.0,757.0,819.0,898.0,902.0,1013.0,1125.0,1485.0,1449.0,1197.0,972.0,841.0,686.0
83,268177,288587,19814.036,,,"MULTILINESTRING ((8.421950210775634 58.72869308651428, 8.570531328247121 58.8889978333845))",268177_288587,18304V22179,757.0,757.0,819.0,898.0,902.0,1013.0,1125.0,1485.0,1449.0,1197.0,972.0,841.0,686.0
87,622916,931938,10768.07649,,,"MULTILINESTRING ((8.260846682688317 58.63186015431526, 8.436248312035445 58.60069576741624))",622916_931938,74801V22176,265.0,265.0,278.0,314.0,316.0,363.0,432.0,547.0,523.0,412.0,341.0,263.0,230.0
88,622916,1827783,15102.50477,,,"MULTILINESTRING ((8.260846682688317 58.63186015431526, 8.02148781668743 58.579144318531604))",622916_1827783,34095V22185,480.0,480.0,563.0,637.0,695.0,878.0,966.0,1219.0,1099.0,884.0,753.0,635.0,529.0
89,622916,287126,23675.53231,,,"MULTILINESTRING ((8.260846682688317 58.63186015431526, 8.296607356111744 58.420132561740694))",622916_287126,26773V21770,876.0,876.0,899.0,885.0,914.0,1021.0,1090.0,1155.0,1202.0,1083.0,998.0,851.0,784.0
92,1827783,1279138,15927.02257,,,"MULTILINESTRING ((8.02148781668743 58.579144318531604, 7.755110272072027 58.54639920171845))",1827783_1279138,50730V121765,790.0,790.0,912.0,977.0,933.0,1073.0,1130.0,990.0,369.0,1021.0,943.0,864.0,772.0
96,1827783,1556327,14013.71265,,,"MULTILINESTRING ((8.02148781668743 58.579144318531604, 7.809164759454095 58.63874498733487))",1827783_1556327,46503V22163,1469.0,1469.0,1754.0,1833.0,1545.0,1518.0,1828.0,2607.0,,,,1352.0,1394.0
99,1279138,1123430,19608.64086,,,"MULTILINESTRING ((7.755110272072027 58.54639920171845, 7.440877609688643 58.483492064703654))",1279138_1123430,50730V121765,790.0,790.0,912.0,977.0,933.0,1073.0,1130.0,990.0,369.0,1021.0,943.0,864.0,772.0
103,1279138,1556327,10755.80383,,,"MULTILINESTRING ((7.755110272072027 58.54639920171845, 7.809164759454095 58.63874498733487))",1279138_1556327,50730V121765,790.0,790.0,912.0,977.0,933.0,1073.0,1130.0,990.0,369.0,1021.0,943.0,864.0,772.0
107,1279138,1122276,23662.09991,,,"MULTILINESTRING ((7.755110272072027 58.54639920171845, 7.813077398186331 58.336150298036436))",1279138_1122276,77879V121762,2617.0,2617.0,2730.0,2990.0,3694.0,4334.0,5710.0,9592.0,7277.0,4365.0,3580.0,2910.0,2677.0
108,214991,1093133,15041.11634,,,"MULTILINESTRING ((7.162635672425765 58.496487187242, 6.907392480457432 58.51622359782285))",214991_1093133,00091V121407,718.0,718.0,1065.0,879.0,704.0,831.0,859.0,923.0,894.0,857.0,797.0,688.0,619.0
112,1093133,460596,10477.02711,,,"MULTILINESTRING ((6.907392480457432 58.51622359782285, 6.735121181820974 58.54322625253501))",1093133_460596,00091V121407,718.0,718.0,1065.0,879.0,704.0,831.0,859.0,923.0,894.0,857.0,797.0,688.0,619.0
116,460596,215924,14460.83693,,,"MULTILINESTRING ((6.735121181820974 58.54322625253501, 6.630619778183344 58.66103684394553))",460596_215924,00091V121407,718.0,718.0,1065.0,879.0,704.0,831.0,859.0,923.0,894.0,857.0,797.0,688.0,619.0
120,215924,1250349,19921.15214,,,"MULTILINESTRING ((6.630619778183344 58.66103684394553, 6.317866780899977 58.58773349893198))",215924_1250349,00091V121407,718.0,718.0,1065.0,879.0,704.0,831.0,859.0,923.0,894.0,857.0,797.0,688.0,619.0
124,1250349,1173779,10076.39081,,,"MULTILINESTRING ((6.317866780899977 58.58773349893198, 6.166666803104279 58.54365739261926))",1250349_1173779,20571V320577,3571.0,3571.0,3946.0,4418.0,4856.0,5876.0,6290.0,7842.0,6295.0,4757.0,4694.0,4100.0,3885.0
127,1250349,359194,13844.36719,,,"MULTILINESTRING ((6.317866780899977 58.58773349893198, 6.407586390409412 58.47264081469726))",1250349_359194,00894V319698,631.0,631.0,997.0,802.0,632.0,668.0,732.0,803.0,795.0,717.0,683.0,586.0,524.0
128,1757237,1795859,14568.92224,,,"MULTILINESTRING ((6.661397009073949 59.88286522047728, 6.401834610667297 59.874164856033715))",1757237_1795859,58420V805630,1541.0,1541.0,2007.0,2421.0,1909.0,2213.0,2982.0,4910.0,3536.0,2332.0,1907.0,1463.0,1508.0
132,358507,358799,17549.24798,,,"MULTILINESTRING ((5.548978434751737 59.48815678039793, 5.274904889818147 59.41506190642743))",358507_358799,65533V319820,16810.0,16810.0,17257.0,16933.0,18141.0,18085.0,18190.0,14822.0,17475.0,17541.0,17770.0,17985.0,16830.0
134,358507,1622547,12642.74688,,,"MULTILINESTRING ((5.548978434751737 59.48815678039793, 5.443418445249007 59.58818222697835))",358507_1622547,81157V319534,3216.0,3216.0,3563.0,3815.0,4072.0,4520.0,4576.0,5029.0,4680.0,4040.0,3946.0,3679.0,3503.0
135,227045,771454,15100.22592,,,"MULTILINESTRING ((8.787191594268114 60.66794867343125, 8.705387519528387 60.797412937201905))",227045_771454,74937V180956,791.0,791.0,969.0,1268.0,1224.0,1391.0,1551.0,2532.0,1885.0,1295.0,1164.0,903.0,939.0
141,631488,1264979,20308.13528,,,"MULTILINESTRING ((8.480103545943189 60.598574664439816, 8.112059320020276 60.62070913765581))",631488_1264979,98792V181304,124.0,124.0,197.0,216.0,190.0,258.0,407.0,773.0,540.0,262.0,165.0,115.0,138.0
146,633349,228595,14606.56031,,,"MULTILINESTRING ((7.898267869882554 60.50536957599831, 7.69857035357396 60.4189895197702))",633349_228595,62909V181278,460.0,460.0,715.0,1125.0,1070.0,1327.0,1784.0,3367.0,2577.0,1257.0,896.0,584.0,557.0
155,228595,471754,17383.33666,,,"MULTILINESTRING ((7.69857035357396 60.4189895197702, 7.389493350415951 60.387959038075905))",228595_471754,62909V181278,460.0,460.0,715.0,1125.0,1070.0,1327.0,1784.0,3367.0,2577.0,1257.0,896.0,584.0,557.0
164,1712596,1799911,13773.78789,,,"MULTILINESTRING ((6.006989664222506 60.37461393910798, 5.761487087234725 60.39733479507519))",1712596_1799911,06074V805644,2130.0,2130.0,2589.0,2805.0,2123.0,2440.0,2844.0,3352.0,2959.0,2356.0,2145.0,1874.0,1781.0
166,264548,1360672,13076.07198,,,"MULTILINESTRING ((10.697566332010716 60.212993142730284, 10.91749641691013 60.25557087095621))",264548_1360672,00000V443437,3412.0,3412.0,3733.0,3925.0,4093.0,4210.0,4689.0,4612.0,4784.0,4658.0,4504.0,4160.0,3714.0
168,264548,1617560,17181.38585,,,"MULTILINESTRING ((10.697566332010716 60.212993142730284, 10.388187720771576 60.222342188382605))",264548_1617560,62963V1060678,7557.0,7557.0,8043.0,8253.0,8672.0,9037.0,10222.0,9607.0,10218.0,9526.0,9115.0,8640.0,7525.0
175,264548,294323,12109.85599,,,"MULTILINESTRING ((10.697566332010716 60.212993142730284, 10.528225306432695 60.28175302818981))",264548_294323,62963V1060678,7557.0,7557.0,8043.0,8253.0,8672.0,9037.0,10222.0,9607.0,10218.0,9526.0,9115.0,8640.0,7525.0
182,210723,251243,18216.02049,,,"MULTILINESTRING ((10.651990220348736 60.52275579524095, 10.609884747238555 60.68492595809241))",210723_251243,02637V1060053,4454.0,4454.0,4558.0,4369.0,4850.0,5041.0,5155.0,4009.0,4788.0,4935.0,5055.0,4959.0,4455.0
184,331508,283883,16752.25152,,,"MULTILINESTRING ((10.624690308902055 60.95522546854228, 10.338372609575885 60.89879615681353))",331508_283883,13124V1060174,1220.0,1220.0,1261.0,1237.0,1324.0,1337.0,1545.0,1306.0,1481.0,1412.0,1384.0,1309.0,1141.0
187,407721,1687134,18865.13377,,,"MULTILINESTRING ((8.248850195749085 60.90004237327238, 8.027239795825954 61.030649990956086))",407721_1687134,74937V180956,791.0,791.0,969.0,1268.0,1224.0,1391.0,1551.0,2532.0,1885.0,1295.0,1164.0,903.0,939.0
193,1687134,1660676,15906.76799,,,"MULTILINESTRING ((8.027239795825954 61.030649990956086, 7.736101195407529 61.0517311811359))",1687134_1660676,74937V180956,791.0,791.0,969.0,1268.0,1224.0,1391.0,1551.0,2532.0,1885.0,1295.0,1164.0,903.0,939.0
199,1687134,341373,16659.26599,,,"MULTILINESTRING ((8.027239795825954 61.030649990956086, 8.07147170718949 61.17861263027136))",1687134_341373,74937V180956,791.0,791.0,969.0,1268.0,1224.0,1391.0,1551.0,2532.0,1885.0,1295.0,1164.0,903.0,939.0
205,983396,983236,10521.80204,,,"MULTILINESTRING ((7.252077627199125 61.18565873671875, 7.42977162414939 61.14630415658294))",983396_983236,67664V384034,1564.0,1564.0,1787.0,1898.0,2076.0,2474.0,3106.0,3909.0,,2345.0,2088.0,1867.0,1681.0
207,983396,1644196,17535.37706,,,"MULTILINESTRING ((7.252077627199125 61.18565873671875, 7.259905922659837 61.34297539553006))",983396_1644196,29481V384100,1715.0,1715.0,1834.0,1859.0,1990.0,2263.0,2754.0,2923.0,2842.0,2167.0,2062.0,1914.0,1644.0
209,1678938,1644196,15356.71939,,,"MULTILINESTRING ((7.000309797192912 61.28453110592995, 7.259905922659837 61.34297539553006))",1678938_1644196,83708V384493,1055.0,1055.0,1227.0,1301.0,1368.0,1659.0,2029.0,2693.0,2271.0,1622.0,1448.0,1251.0,1053.0
212,1678938,1755117,14376.4061,,,"MULTILINESTRING ((7.000309797192912 61.28453110592995, 6.919891525542575 61.16148140510422))",1678938_1755117,43761V1724813,1971.0,1971.0,2016.0,2063.0,2209.0,2393.0,2650.0,2447.0,2631.0,2317.0,2225.0,2199.0,1898.0
215,1678938,1679124,17570.09755,,,"MULTILINESTRING ((7.000309797192912 61.28453110592995, 6.762546129152436 61.39322954394285))",1678938_1679124,83708V384493,1055.0,1055.0,1227.0,1301.0,1368.0,1659.0,2029.0,2693.0,2271.0,1622.0,1448.0,1251.0,1053.0
218,1679124,1665576,10729.4198,,,"MULTILINESTRING ((6.762546129152436 61.39322954394285, 6.718069018697456 61.48712773206511))",1679124_1665576,52148V1797330,1008.0,1008.0,1169.0,1249.0,1346.0,1620.0,1986.0,2626.0,2206.0,1597.0,1417.0,1244.0,1036.0
220,1665576,1758324,10867.17944,,,"MULTILINESTRING ((6.718069018697456 61.48712773206511, 6.549159293224706 61.54190079492473))",1665576_1758324,52148V1797330,1008.0,1008.0,1169.0,1249.0,1346.0,1620.0,1986.0,2626.0,2206.0,1597.0,1417.0,1244.0,1036.0
222,1758324,1663744,12832.31022,,,"MULTILINESTRING ((6.549159293224706 61.54190079492473, 6.517242999522345 61.65604364292855))",1758324_1663744,09537V384484,1657.0,1657.0,1891.0,2137.0,2252.0,2690.0,3118.0,4131.0,3387.0,2463.0,2284.0,1992.0,1786.0
223,982293,1647058,13740.7507,,,"MULTILINESTRING ((6.244052716002504 61.52894962797991, 6.169632400257792 61.41089509000023))",982293_1647058,35485V384501,29.0,29.0,41.0,57.0,37.0,198.0,323.0,425.0,307.0,148.0,69.0,50.0,31.0
229,1662985,1647058,11554.96883,,,"MULTILINESTRING ((5.959860152114905 61.43644295220999, 6.169632400257792 61.41089509000023))",1662985_1647058,35485V384501,29.0,29.0,41.0,57.0,37.0,198.0,323.0,425.0,307.0,148.0,69.0,50.0,31.0
235,157100,342866,10321.80837,,,"MULTILINESTRING ((11.289034863829196 60.72139997105538, 11.288155418273039 60.81403336060002))",157100_342866,05933V705192,5194.0,5194.0,6404.0,6512.0,6404.0,6586.0,7548.0,8119.0,8398.0,7459.0,7146.0,6373.0,6297.0
238,157100,109296,20537.18237,,,"MULTILINESTRING ((11.289034863829196 60.72139997105538, 11.50872679261953 60.57194187306214))",157100_109296,05933V705192,5194.0,5194.0,6404.0,6512.0,6404.0,6586.0,7548.0,8119.0,8398.0,7459.0,7146.0,6373.0,6297.0
241,327099,1831511,22963.8308,,,"MULTILINESTRING ((6.892206264937868 62.104263958011934, 6.943024033172228 62.30894094082165))",327099_1831511,20858V249551,582.0,582.0,676.0,745.0,804.0,981.0,1204.0,1644.0,1320.0,909.0,795.0,690.0,603.0
243,1831511,1160942,15658.30365,,,"MULTILINESTRING ((6.943024033172228 62.30894094082165, 6.642555059709269 62.29562571294996))",1831511_1160942,47905V249548,1496.0,1496.0,1845.0,1955.0,1558.0,1059.0,,,1673.0,1163.0,134.0,1623.0,1450.0
244,298536,943350,10011.83935,,,"MULTILINESTRING ((6.084103686808975 62.30103778671543, 6.235154726998502 62.357027388709916))",298536_943350,43803V249522,,,,,,,,,,,,,
245,293531,261145,18436.43356,,,"MULTILINESTRING ((10.372998370636275 61.27861725556772, 10.217369621939406 61.42622537227036))",293531_261145,57449V2237119,5601.0,5601.0,6664.0,6633.0,6510.0,7219.0,,,,,,,
246,140682,236552,17620.0302,,,"MULTILINESTRING ((9.441107105810234 61.84653164071303, 9.250414619715615 61.976579002758996))",140682_236552,48332V1060626,2278.0,2278.0,2711.0,3006.0,3135.0,3935.0,4344.0,,,,,,
248,192275,331022,10206.14318,,,"MULTILINESTRING ((11.335493408309086 61.18366362987274, 11.299513548403052 61.27359635562316))",192275_331022,73391V704580,1831.0,1831.0,2265.0,2459.0,2422.0,2687.0,3473.0,4455.0,3825.0,2713.0,2679.0,2115.0,2150.0
252,1277213,192932,10115.4074,,,"MULTILINESTRING ((10.845917144102959 61.71264153030175, 10.694652955829065 61.76826776900936))",1277213_192932,20516V705197,1685.0,1685.0,2080.0,2294.0,2356.0,2628.0,3395.0,4206.0,3709.0,2330.0,2528.0,2029.0,2035.0
255,160015,74306,15884.82599,,,"MULTILINESTRING ((10.640565368238914 62.2056041227834, 10.335892235227217 62.19744462798372))",160015_74306,20176V705149,472.0,472.0,470.0,463.0,517.0,537.0,585.0,535.0,570.0,578.0,604.0,602.0,447.0
259,160015,139395,25811.35032,,,"MULTILINESTRING ((10.640565368238914 62.2056041227834, 10.404522454038792 62.17698526272007), (10.404522454038792 62.17698526272007, 10.160966355161083 62.147455471770954))",160015_139395,20176V705149,472.0,472.0,470.0,463.0,517.0,537.0,585.0,535.0,570.0,578.0,604.0,602.0,447.0
263,1233018,946172,10538.61748,,,"MULTILINESTRING ((7.997447391504449 62.415240744397735, 7.82102664222215 62.462764883135))",1233018_946172,32695V249540,1281.0,1281.0,1551.0,1773.0,1630.0,2026.0,2360.0,3941.0,2912.0,2123.0,1842.0,1401.0,1445.0
264,1841573,1841989,10806.78206,,,"MULTILINESTRING ((7.501046622987909 62.6543098005468, 7.381417301109379 62.73419046879383))",1841573_1841989,38638V249003,1416.0,1416.0,1524.0,1633.0,1707.0,1975.0,2253.0,2776.0,2296.0,1894.0,1716.0,1575.0,1434.0
266,1841573,294485,13417.36843,,,"MULTILINESTRING ((7.501046622987909 62.6543098005468, 7.43590357619575 62.53773084485123))",1841573_294485,60539V248942,1844.0,1844.0,2045.0,2143.0,2168.0,2396.0,2588.0,3136.0,2779.0,2291.0,2169.0,1937.0,1885.0
269,1841989,331917,24321.05997,,,"MULTILINESTRING ((7.381417301109379 62.73419046879383, 7.827255685128192 62.81093070621914))",1841989_331917,12871V249441,506.0,506.0,518.0,553.0,577.0,631.0,638.0,563.0,619.0,600.0,595.0,592.0,502.0
270,1222115,331917,12234.39465,,,"MULTILINESTRING ((7.599078547546958 62.8449945959766, 7.827255685128192 62.81093070621914))",1222115_331917,34755V249562,1513.0,1513.0,1660.0,1704.0,1740.0,1851.0,2033.0,1918.0,1944.0,1859.0,1806.0,1684.0,1472.0
274,82574,171916,18459.46676,,,"MULTILINESTRING ((10.490688151472442 62.382565245962354, 10.356630745385788 62.536118528184566))",82574_171916,41312V705204,1339.0,1339.0,1585.0,1746.0,1819.0,2059.0,2630.0,3401.0,2947.0,2135.0,1857.0,1644.0,1593.0
275,81162,600642,17744.98924,,,"MULTILINESTRING ((10.216270782842399 62.63914271471516, 9.993493363572165 62.76111849130077))",81162_600642,26685V704589,1306.0,1306.0,1545.0,1737.0,1813.0,2219.0,2760.0,3559.0,2967.0,1996.0,1964.0,1618.0,1553.0
277,600642,590166,11907.429,,,"MULTILINESTRING ((9.993493363572165 62.76111849130077, 9.860969680590742 62.849065651484295))",600642_590166,87256V1213675,1542.0,1542.0,1794.0,1994.0,2088.0,2501.0,3018.0,3800.0,3250.0,2271.0,2247.0,1871.0,1828.0
280,578266,590166,13244.94489,,,"MULTILINESTRING ((10.102873298603148 62.892874832462425, 9.860969680590742 62.849065651484295))",578266_590166,41300V72150,3213.0,3213.0,3844.0,4198.0,4182.0,4814.0,6089.0,8016.0,8197.0,,,,
282,628231,203573,18766.84063,,,"MULTILINESTRING ((10.967687216228008 63.57040438584388, 11.174599128810218 63.711405601253354))",628231_203573,32279V578595,6529.0,6529.0,7258.0,7496.0,8395.0,9135.0,10340.0,11147.0,11010.0,9149.0,8690.0,8079.0,7050.0
283,635829,565071,18244.1346,,,"MULTILINESTRING ((11.289057730180852 64.13727888651295, 11.206290382893053 64.29691257405695))",635829_565071,77685V578099,1965.0,1965.0,2118.0,2199.0,2480.0,2685.0,2935.0,2921.0,2872.0,2734.0,2609.0,2451.0,2149.0
285,579630,567291,19064.7129,,,"MULTILINESTRING ((11.757480417685901 64.14636179393227, 12.097878183840866 64.2313513570321))",579630_567291,31504V578608,1375.0,1375.0,1629.0,1777.0,0.0,0.0,0.0,0.0,3202.0,2274.0,2066.0,0.0,
287,633194,633646,10054.39028,,,"MULTILINESTRING ((12.740923210808566 64.68906103415571, 12.865747415862504 64.76176406424261))",633194_633646,17549V578615,800.0,800.0,939.0,1061.0,1154.0,1523.0,2230.0,3471.0,2475.0,1535.0,1281.0,1029.0,893.0
290,633646,1533131,19247.48206,,,"MULTILINESTRING ((12.865747415862504 64.76176406424261, 13.077152094133766 64.909085366697))",633646_1533131,17549V578615,800.0,800.0,939.0,1061.0,1154.0,1523.0,2230.0,3471.0,2475.0,1535.0,1281.0,1029.0,893.0
293,674383,1812590,19269.58681,,,"MULTILINESTRING ((13.37749238120552 65.33163840909017, 13.408063225766234 65.50399194339582))",674383_1812590,19085V885118,1530.0,1530.0,1606.0,1740.0,1927.0,2248.0,3117.0,4253.0,3279.0,2359.0,2063.0,1804.0,1590.0
296,376004,1122526,16428.48492,,,"MULTILINESTRING ((13.38243599281949 65.59601844295517, 13.279798813135514 65.73714127461857))",376004_1122526,19474V885911,1478.0,1478.0,1569.0,1684.0,1863.0,2132.0,2890.0,4118.0,3187.0,2248.0,2000.0,1706.0,1493.0
298,658802,474129,19055.95688,,,"MULTILINESTRING ((13.421358399481024 65.96023180582729, 13.749913666524616 66.06665272597306))",658802_474129,72557V885913,1497.0,1497.0,1601.0,1672.0,1822.0,2084.0,2724.0,3697.0,2956.0,2102.0,1873.0,1685.0,1397.0
300,474672,475387,14771.12615,,,"MULTILINESTRING ((13.84145644099651 66.16522557292598, 14.026575564090074 66.27459920318513))",474672_475387,55875V885917,3148.0,3148.0,3333.0,3392.0,3714.0,4230.0,4932.0,5594.0,4965.0,4122.0,3929.0,3696.0,3220.0
301,1600133,355270,10863.44329,,,"MULTILINESTRING ((14.62589181099171 66.38742587799526, 14.824487476490367 66.44366720429298))",1600133_355270,39676V885922,473.0,473.0,619.0,721.0,792.0,1050.0,1749.0,2589.0,1906.0,1071.0,836.0,628.0,520.0
306,467676,1123339,17166.90842,,,"MULTILINESTRING ((15.127651738621482 66.45166817757855, 15.351420601655589 66.57708354736366))",467676_1123339,39676V885922,473.0,473.0,619.0,721.0,792.0,1050.0,1749.0,2589.0,1906.0,1071.0,836.0,628.0,520.0
311,1123339,404456,10162.79562,,,"MULTILINESTRING ((15.351420601655589 66.57708354736366, 15.408414744760236 66.66535935408494))",1123339_404456,39676V885922,473.0,473.0,619.0,721.0,792.0,1050.0,1749.0,2589.0,1906.0,1071.0,836.0,628.0,520.0
316,404456,1123454,10430.24581,,,"MULTILINESTRING ((15.408414744760236 66.66535935408494, 15.47669302475705 66.75490002449139))",404456_1123454,39676V885922,473.0,473.0,619.0,721.0,792.0,1050.0,1749.0,2589.0,1906.0,1071.0,836.0,628.0,520.0
321,1124019,478377,14297.09429,,,"MULTILINESTRING ((15.446970410126731 67.20326558362503, 15.511435258122106 67.32901236024847))",1124019_478377,98609V885926,1043.0,1043.0,1249.0,1396.0,1464.0,1722.0,2419.0,3411.0,2661.0,1766.0,1517.0,1271.0,1078.0
325,478377,424260,10715.367,,,"MULTILINESTRING ((15.511435258122106 67.32901236024847, 15.562755363507593 67.42303670800565))",478377_424260,06012V885929,768.0,768.0,921.0,1026.0,1058.0,1437.0,1974.0,2892.0,2166.0,1422.0,1191.0,1012.0,
327,424260,478612,16589.58681,,,"MULTILINESTRING ((15.562755363507593 67.42303670800565, 15.741849857773806 67.5550022461934))",424260_478612,06012V885929,768.0,768.0,921.0,1026.0,1058.0,1437.0,1974.0,2892.0,2166.0,1422.0,1191.0,1012.0,
329,425017,1795488,16877.57493,,,"MULTILINESTRING ((15.920490233116507 67.64511231356728, 15.949539685938438 67.79603535570766))",425017_1795488,55974V2558758,643.0,643.0,789.0,874.0,924.0,1272.0,1805.0,2664.0,1973.0,1205.0,1021.0,834.0,715.0
333,1795488,392720,14645.50953,,,"MULTILINESTRING ((15.949539685938438 67.79603535570766, 15.887298009693476 67.92522929872062))",1795488_392720,55974V2558758,643.0,643.0,789.0,874.0,924.0,1272.0,1805.0,2664.0,1973.0,1205.0,1021.0,834.0,715.0
337,479509,394321,14996.81047,,,"MULTILINESTRING ((16.011284786482218 68.01985747954345, 15.93114715140356 68.15093835468511))",479509_394321,67127V885933,818.0,818.0,971.0,1079.0,1103.0,1413.0,1965.0,2848.0,2136.0,1383.0,1182.0,1005.0,885.0
340,479509,1118545,21280.79955,,,"MULTILINESTRING ((16.011284786482218 68.01985747954345, 16.434148861876494 68.12673266075845))",479509_1118545,67127V885933,818.0,818.0,971.0,1079.0,1103.0,1413.0,1965.0,2848.0,2136.0,1383.0,1182.0,1005.0,885.0
343,479509,469697,16240.07416,,,"MULTILINESTRING ((16.011284786482218 68.01985747954345, 15.663781534736984 68.08542861925736))",479509_469697,67127V885933,818.0,818.0,971.0,1079.0,1103.0,1413.0,1965.0,2848.0,2136.0,1383.0,1182.0,1005.0,885.0
346,1118545,436501,14159.88668,,,"MULTILINESTRING ((16.434148861876494 68.12673266075845, 16.600711846033114 68.23753563206884))",1118545_436501,51449V885379,758.0,,,,,,,,,,,758.0,676.0
347,436501,394321,29399.12009,,,"MULTILINESTRING ((16.600711846033114 68.23753563206884, 15.93114715140356 68.15093835468511))",436501_394321,31059V885934,711.0,711.0,741.0,830.0,832.0,1108.0,1556.0,2387.0,1740.0,1097.0,958.0,783.0,675.0
348,436501,398449,14112.5299,,,"MULTILINESTRING ((16.600711846033114 68.23753563206884, 16.82815809452178 68.33194773995392))",436501_398449,88157V885938,1687.0,1687.0,1812.0,1935.0,2088.0,2347.0,2689.0,3298.0,2834.0,2316.0,2187.0,2009.0,1914.0
351,398449,481815,16623.15558,,,"MULTILINESTRING ((16.82815809452178 68.33194773995392, 17.21097808768496 68.37923802564967))",398449_481815,88157V885938,1687.0,1687.0,1812.0,1935.0,2088.0,2347.0,2689.0,3298.0,2834.0,2316.0,2187.0,2009.0,1914.0
354,394321,469697,13309.58025,,,"MULTILINESTRING ((15.93114715140356 68.15093835468511, 15.663781534736984 68.08542861925736))",394321_469697,53934V886009,734.0,734.0,788.0,847.0,863.0,963.0,1162.0,1370.0,1224.0,943.0,922.0,886.0,764.0
356,394321,972194,33984.01068,,,"MULTILINESTRING ((15.93114715140356 68.15093835468511, 15.912575380281242 68.45554133850011))",394321_972194,61864V885947,1106.0,1106.0,1383.0,1545.0,1515.0,1891.0,2464.0,3332.0,2719.0,2032.0,1651.0,1397.0,1227.0
357,972194,1013052,12975.99245,,,"MULTILINESTRING ((15.912575380281242 68.45554133850011, 15.779622290492004 68.56116465968746))",972194_1013052,43980V1125817,1061.0,1061.0,1149.0,1200.0,1201.0,1518.0,1863.0,2412.0,2053.0,1609.0,1329.0,1206.0,1108.0
359,972821,423269,15027.81459,,,"MULTILINESTRING ((15.489227835448398 68.66471222476513, 15.531519021560143 68.79855797188053))",972821_423269,85865V1125817,1149.0,1149.0,1266.0,1577.0,1708.0,2081.0,2968.0,4514.0,3586.0,2205.0,1752.0,1401.0,1315.0
362,423269,470915,10226.6082,,,"MULTILINESTRING ((15.531519021560143 68.79855797188053, 15.613922659706477 68.88527007017474))",423269_470915,85865V1125817,1149.0,1149.0,1266.0,1577.0,1708.0,2081.0,2968.0,4514.0,3586.0,2205.0,1752.0,1401.0,1315.0
365,424475,416805,20056.08581,,,"MULTILINESTRING ((15.811105391871891 69.01628902971072, 16.087142431150376 69.16663826986958))",424475_416805,46507V886012,882.0,882.0,994.0,973.0,973.0,1099.0,1368.0,1644.0,1413.0,1136.0,1008.0,928.0,857.0
368,416805,471734,14585.7059,,,"MULTILINESTRING ((16.087142431150376 69.16663826986958, 16.050188669644648 69.29673125778598))",416805_471734,46507V886012,882.0,882.0,994.0,973.0,973.0,1099.0,1368.0,1644.0,1413.0,1136.0,1008.0,928.0,857.0
371,1147241,1000116,10567.25814,,,"MULTILINESTRING ((17.13045716169367 69.370028435714, 17.392999833935143 69.39028839744988))",1147241_1000116,41574V2303908,223.0,223.0,269.0,265.0,260.0,307.0,432.0,653.0,524.0,293.0,259.0,252.0,220.0
379,1000116,1013955,10991.37514,,,"MULTILINESTRING ((17.392999833935143 69.39028839744988, 17.333300477674097 69.48655671310877))",1000116_1013955,41574V2303908,223.0,223.0,269.0,265.0,260.0,307.0,432.0,653.0,524.0,293.0,259.0,252.0,220.0
387,673183,1012486,11292.01983,,,"MULTILINESTRING ((18.03117708535907 69.60784061419548, 18.32138730630487 69.60997046062023))",673183_1012486,41574V2303908,223.0,223.0,269.0,265.0,260.0,307.0,432.0,653.0,524.0,293.0,259.0,252.0,220.0
395,1012486,904019,18122.85444,,,"MULTILINESTRING ((18.32138730630487 69.60997046062023, 18.739562450193468 69.68208935145917))",1012486_904019,41574V2303908,223.0,223.0,269.0,265.0,260.0,307.0,432.0,653.0,524.0,293.0,259.0,252.0,220.0
403,977633,1004588,16743.21573,,,"MULTILINESTRING ((17.596263936513964 68.58169057387546, 17.912641291214122 68.67769358378513))",977633_1004588,92486V1126283,1401.0,1401.0,1743.0,2003.0,1877.0,2271.0,2904.0,3480.0,3043.0,2368.0,2007.0,1751.0,1572.0
405,1004588,913304,16774.54075,,,"MULTILINESTRING ((17.912641291214122 68.67769358378513, 18.17798711828136 68.79318210197937))",1004588_913304,92486V1126283,1401.0,1401.0,1743.0,2003.0,1877.0,2271.0,2904.0,3480.0,3043.0,2368.0,2007.0,1751.0,1572.0
407,914390,906112,14507.5567,,,"MULTILINESTRING ((18.449296971705813 68.92353936589716, 18.69819940455763 69.01800173755662))",914390_906112,90978V1126285,2482.0,2482.0,2850.0,2956.0,2993.0,3354.0,4052.0,4231.0,3851.0,3338.0,3133.0,2807.0,2507.0
410,914390,1041265,22854.00159,,,"MULTILINESTRING ((18.449296971705813 68.92353936589716, 18.577208046889886 69.1232255338375))",914390_1041265,90978V1126285,2482.0,2482.0,2850.0,2956.0,2993.0,3354.0,4052.0,4231.0,3851.0,3338.0,3133.0,2807.0,2507.0
413,906112,1041265,12690.86341,,,"MULTILINESTRING ((18.69819940455763 69.01800173755662, 18.577208046889886 69.1232255338375))",906112_1041265,23071V1125776,513.0,513.0,560.0,700.0,802.0,931.0,1358.0,1653.0,1354.0,1078.0,809.0,377.0,24.0
422,906112,906997,17329.73579,,,"MULTILINESTRING ((18.69819940455763 69.01800173755662, 19.128509512740827 68.99975768280214))",906112_906997,23071V1125776,513.0,513.0,560.0,700.0,802.0,931.0,1358.0,1653.0,1354.0,1078.0,809.0,377.0,24.0
431,906997,1016438,13945.9567,,,"MULTILINESTRING ((19.128509512740827 68.99975768280214, 19.445808169892352 69.05179865055423))",906997_1016438,23071V1125776,513.0,513.0,560.0,700.0,802.0,931.0,1358.0,1653.0,1354.0,1078.0,809.0,377.0,24.0
440,1015421,1023769,17477.93258,,,"MULTILINESTRING ((19.81381088619744 69.15787300093828, 19.939763457413616 69.3080418234275))",1015421_1023769,23071V1125776,513.0,513.0,560.0,700.0,802.0,931.0,1358.0,1653.0,1354.0,1078.0,809.0,377.0,24.0
449,207535,1809046,16242.87949,,,"MULTILINESTRING ((20.52629591048298 69.72585990590967, 20.869896533779425 69.8098650277356))",207535_1809046,23071V1125776,513.0,513.0,560.0,700.0,802.0,931.0,1358.0,1653.0,1354.0,1078.0,809.0,377.0,24.0
458,999186,1044431,13150.47784,,,"MULTILINESTRING ((21.199571694391288 69.83414082681627, 21.500520340637582 69.8902025898515))",999186_1044431,78080V1126298,445.0,445.0,470.0,532.0,568.0,639.0,892.0,1207.0,1121.0,708.0,559.0,468.0,425.0
463,1044431,908831,17489.14578,,,"MULTILINESTRING ((21.500520340637582 69.8902025898515, 21.933295162533767 69.84173221258663))",1044431_908831,78080V1126298,445.0,445.0,470.0,532.0,568.0,639.0,892.0,1207.0,1121.0,708.0,559.0,468.0,425.0
468,963886,339384,11453.40706,,,"MULTILINESTRING ((22.769601467788533 70.08908599465212, 23.005403308583297 70.02535972238202))",963886_339384,21606V930225,594.0,594.0,643.0,731.0,734.0,788.0,1138.0,1586.0,1281.0,834.0,675.0,569.0,517.0
470,339384,1824928,10948.81137,,,"MULTILINESTRING ((23.005403308583297 70.02535972238202, 23.17898004479712 69.94727581865229))",339384_1824928,25779V2413305,1915.0,1915.0,2043.0,2061.0,2439.0,2746.0,3293.0,3544.0,3414.0,2834.0,2435.0,2172.0,2003.0
472,1824928,282608,15356.42077,,,"MULTILINESTRING ((23.17898004479712 69.94727581865229, 23.21755923489104 69.81026704220814))",1824928_282608,85233V930344,235.0,235.0,263.0,372.0,357.0,386.0,586.0,938.0,677.0,443.0,303.0,266.0,255.0
480,282608,972185,19980.91257,,,"MULTILINESTRING ((23.21755923489104 69.81026704220814, 23.440297193067195 69.64866631095944))",282608_972185,85233V930344,235.0,235.0,263.0,372.0,357.0,386.0,586.0,938.0,677.0,443.0,303.0,266.0,255.0
488,965246,965151,20220.63607,,,"MULTILINESTRING ((23.60132871912281 69.36799787058189, 23.54369160522469 69.18788548745081))",965246_965151,85233V930344,235.0,235.0,263.0,372.0,357.0,386.0,586.0,938.0,677.0,443.0,303.0,266.0,255.0
496,965246,971594,15952.35343,,,"MULTILINESTRING ((23.60132871912281 69.36799787058189, 23.790696837224782 69.24165066212454))",965246_971594,85233V930344,235.0,235.0,263.0,372.0,357.0,386.0,586.0,938.0,677.0,443.0,303.0,266.0,255.0
504,965151,1100550,10370.9109,,,"MULTILINESTRING ((23.54369160522469 69.18788548745081, 23.328515550457286 69.13521469468797))",965151_1100550,85233V930344,235.0,235.0,263.0,372.0,357.0,386.0,586.0,938.0,677.0,443.0,303.0,266.0,255.0
512,965151,971594,11477.87565,,,"MULTILINESTRING ((23.54369160522469 69.18788548745081, 23.790696837224782 69.24165066212454))",965151_971594,02540V930326,263.0,263.0,265.0,366.0,344.0,359.0,471.0,550.0,528.0,442.0,330.0,298.0,306.0
516,972696,965937,17348.87197,,,"MULTILINESTRING ((23.486928339807193 69.9893632799504, 23.647760755456627 70.13486272261746))",972696_965937,65484V930593,1829.0,1829.0,2060.0,2136.0,2353.0,2555.0,3052.0,3282.0,3315.0,2690.0,,,
517,965937,973037,18949.18266,,,"MULTILINESTRING ((23.647760755456627 70.13486272261746, 24.076357808649803 70.22258442785318))",965937_973037,86951V930595,570.0,570.0,734.0,670.0,867.0,1024.0,1461.0,1829.0,1625.0,1097.0,883.0,731.0,655.0
520,973037,987800,18869.11093,,,"MULTILINESTRING ((24.076357808649803 70.22258442785318, 24.36597992066358 70.36060979949384))",973037_987800,86951V930595,570.0,570.0,734.0,670.0,867.0,1024.0,1461.0,1829.0,1625.0,1097.0,883.0,731.0,655.0
523,987800,973761,11515.06946,,,"MULTILINESTRING ((24.36597992066358 70.36060979949384, 24.271312595016767 70.45881210300477))",987800_973761,86951V930595,570.0,570.0,734.0,670.0,867.0,1024.0,1461.0,1829.0,1625.0,1097.0,883.0,731.0,655.0
526,987800,973572,18572.08124,,,"MULTILINESTRING ((24.36597992066358 70.36060979949384, 24.762030714434076 70.4608699493791))",987800_973572,57544V930596,874.0,874.0,932.0,1011.0,1039.0,1105.0,1308.0,1516.0,1409.0,1157.0,1102.0,1035.0,910.0
527,973761,1101130,16786.27915,,,"MULTILINESTRING ((24.271312595016767 70.45881210300477, 23.849794697376105 70.51154549280058))",973761_1101130,60195V930629,1105.0,1105.0,1259.0,1268.0,1401.0,1538.0,1769.0,,1911.0,1673.0,1447.0,1238.0,1078.0
528,1101130,963862,17805.56467,,,"MULTILINESTRING ((23.849794697376105 70.51154549280058, 23.670891232299034 70.65962659560992))",1101130_963862,78996V930347,9387.0,9387.0,9545.0,8586.0,9770.0,10248.0,10129.0,8737.0,9405.0,9955.0,10046.0,9990.0,9095.0
529,971594,971489,11885.0542,,,"MULTILINESTRING ((23.790696837224782 69.24165066212454, 23.952575813498278 69.33146964848142))",971594_971489,02540V930326,263.0,263.0,265.0,366.0,344.0,359.0,471.0,550.0,528.0,442.0,330.0,298.0,306.0
533,971489,971319,10655.81109,,,"MULTILINESTRING ((23.952575813498278 69.33146964848142, 24.191368734230537 69.3764521588226))",971489_971319,02540V930326,263.0,263.0,265.0,366.0,344.0,359.0,471.0,550.0,528.0,442.0,330.0,298.0,306.0
537,971319,971263,19582.90114,,,"MULTILINESTRING ((24.191368734230537 69.3764521588226, 24.681861766734862 69.40747011917183))",971319_971263,02540V930326,263.0,263.0,265.0,366.0,344.0,359.0,471.0,550.0,528.0,442.0,330.0,298.0,306.0
541,971263,971084,18528.09606,,,"MULTILINESTRING ((24.681861766734862 69.40747011917183, 25.14814133425391 69.43350612253523))",971263_971084,70654V930322,426.0,426.0,452.0,498.0,501.0,534.0,600.0,743.0,732.0,580.0,456.0,423.0,402.0
546,990279,975247,16685.25168,,,"MULTILINESTRING ((25.857272198960622 69.51382075520073, 25.91349720992236 69.66209494389166))",990279_975247,70654V930322,426.0,426.0,452.0,498.0,501.0,534.0,600.0,743.0,732.0,580.0,456.0,423.0,402.0
551,975247,990468,10161.07619,,,"MULTILINESTRING ((25.91349720992236 69.66209494389166, 26.08106781626579 69.73216590051328))",975247_990468,70654V930322,426.0,426.0,452.0,498.0,501.0,534.0,600.0,743.0,732.0,580.0,456.0,423.0,402.0
556,990468,990592,11101.2333,,,"MULTILINESTRING ((26.08106781626579 69.73216590051328, 26.2400545095223 69.81508777575765))",990468_990592,49453V930259,141.0,141.0,147.0,180.0,175.0,183.0,258.0,293.0,270.0,229.0,186.0,171.0,145.0
560,990684,990740,10750.47199,,,"MULTILINESTRING ((26.56674235308071 69.95307041780829, 26.847101979941304 69.95923608430209))",990684_990740,49453V930259,141.0,141.0,147.0,180.0,175.0,183.0,258.0,293.0,270.0,229.0,186.0,171.0,145.0
564,990740,990796,17039.03785,,,"MULTILINESTRING ((26.847101979941304 69.95923608430209, 27.29231881939327 69.96337878419159))",990740_990796,49453V930259,141.0,141.0,147.0,180.0,175.0,183.0,258.0,293.0,270.0,229.0,186.0,171.0,145.0
568,990796,975457,17293.35789,,,"MULTILINESTRING ((27.29231881939327 69.96337878419159, 27.60188161208045 70.07661506757435))",990796_975457,99312V930442,423.0,423.0,514.0,623.0,523.0,585.0,698.0,932.0,787.0,652.0,514.0,474.0,524.0
572,975457,967349,17975.20408,,,"MULTILINESTRING ((27.60188161208045 70.07661506757435, 28.074176213523724 70.08150816420779))",975457_967349,99312V930442,423.0,423.0,514.0,623.0,523.0,585.0,698.0,932.0,787.0,652.0,514.0,474.0,524.0
576,967349,1095954,12047.03481,,,"MULTILINESTRING ((28.074176213523724 70.08150816420779, 28.261649002416984 70.1686403713068))",967349_1095954,99312V930442,423.0,423.0,514.0,623.0,523.0,585.0,698.0,932.0,787.0,652.0,514.0,474.0,524.0
580,1046101,1097066,10761.33614,,,"MULTILINESTRING ((28.83618121363605 70.07550144759124, 29.09834125500583 70.03949255605829))",1046101_1097066,56355V2788140,427.0,427.0,477.0,482.0,544.0,591.0,793.0,903.0,839.0,727.0,575.0,459.0,413.0
584,1097066,1033036,19221.51498,,,"MULTILINESTRING ((29.09834125500583 70.03949255605829, 29.334680156190217 69.88744484488221))",1097066_1033036,56355V2788140,427.0,427.0,477.0,482.0,544.0,591.0,793.0,903.0,839.0,727.0,575.0,459.0,413.0
588,1033036,996372,19180.07545,,,"MULTILINESTRING ((29.334680156190217 69.88744484488221, 29.32222550334381 69.7155718573007))",1033036_996372,56355V2788140,427.0,427.0,477.0,482.0,544.0,591.0,793.0,903.0,839.0,727.0,575.0,459.0,413.0
592,996372,1008091,12388.17136,,,"MULTILINESTRING ((29.32222550334381 69.7155718573007, 29.642049008288318 69.71163343782099))",996372_1008091,68101V930654,362.0,362.0,427.0,524.0,454.0,478.0,640.0,839.0,712.0,542.0,442.0,373.0,435.0
594,150723,75715,17838.0865,,,"MULTILINESTRING ((10.100694921052066 61.6481937649063, 10.224006891187035 61.797185892430804))",150723_75715,24484V1060113,149.0,149.0,218.0,366.0,302.0,453.0,684.0,1439.0,956.0,668.0,387.0,245.0,220.0
596,75715,192932,25044.62165,,,"MULTILINESTRING ((10.224006891187035 61.797185892430804, 10.694652955829065 61.76826776900936))",75715_192932,75323V705231,140.0,140.0,225.0,324.0,275.0,408.0,618.0,1231.0,843.0,566.0,318.0,230.0,201.0
598,75715,75167,17030.16076,,,"MULTILINESTRING ((10.224006891187035 61.797185892430804, 10.047436678931916 61.92523776631729))",75715_75167,75323V705231,140.0,140.0,225.0,324.0,275.0,408.0,618.0,1231.0,843.0,566.0,318.0,230.0,201.0
600,75167,173678,18584.53527,,,"MULTILINESTRING ((10.047436678931916 61.92523776631729, 9.962813660624452 62.087182533783555))",75167_173678,70314V704662,132.0,132.0,181.0,244.0,248.0,397.0,623.0,1208.0,834.0,595.0,333.0,214.0,178.0
601,173678,139395,12332.76913,,,"MULTILINESTRING ((9.962813660624452 62.087182533783555, 10.160966355161083 62.147455471770954))",173678_139395,72758V704670,405.0,405.0,501.0,508.0,516.0,610.0,800.0,1231.0,637.0,731.0,605.0,525.0,453.0
603,173678,176234,11680.97466,,,"MULTILINESTRING ((9.962813660624452 62.087182533783555, 9.825036516318455 62.169793717782035))",173678_176234,98315V704673,230.0,230.0,321.0,378.0,389.0,555.0,829.0,1385.0,889.0,755.0,558.0,391.0,295.0
606,577069,577310,18918.88019,,,"MULTILINESTRING ((9.621484877936641 62.326176393877965, 9.589710278376014 62.49528426376437))",577069_577310,24362V72144,838.0,838.0,1123.0,1424.0,1486.0,2101.0,2800.0,4810.0,3706.0,2284.0,1625.0,1223.0,1075.0
608,577310,571898,13516.4618,,,"MULTILINESTRING ((9.589710278376014 62.49528426376437, 9.56434476421085 62.615991142202404))",577310_571898,53222V2438139,1797.0,1797.0,1982.0,2150.0,2180.0,2756.0,3400.0,4680.0,3683.0,2581.0,2381.0,2197.0,1982.0
609,571898,570841,17189.96811,,,"MULTILINESTRING ((9.56434476421085 62.615991142202404, 9.237315898698553 62.58324298604705))",571898_570841,21648V249012,720.0,720.0,936.0,1043.0,959.0,1127.0,1389.0,1927.0,1540.0,1159.0,1038.0,809.0,785.0
610,426353,391950,15976.46475,,,"MULTILINESTRING ((15.203862126374057 67.29607690368731, 14.833135161815038 67.29403427972393))",426353_391950,99098V2027237,3063.0,3063.0,3102.0,3067.0,3282.0,3554.0,4219.0,4286.0,4183.0,3706.0,3485.0,3081.0,2790.0
612,785888,887480,13111.47559,,,"MULTILINESTRING ((7.993736992102466 59.44596061819328, 7.804153831622513 59.37878138715881))",785888_887480,56756V521160,111.0,111.0,170.0,243.0,136.0,247.0,540.0,991.0,775.0,503.0,292.0,104.0,126.0
617,887480,1270672,18037.27029,,,"MULTILINESTRING ((7.804153831622513 59.37878138715881, 7.499128523730123 59.33450527935712))",887480_1270672,56756V521160,111.0,111.0,170.0,243.0,136.0,247.0,540.0,991.0,775.0,503.0,292.0,104.0,126.0
622,1270672,1281106,12764.13414,,,"MULTILINESTRING ((7.499128523730123 59.33450527935712, 7.407342550572255 59.43907882452971))",1270672_1281106,56756V521160,111.0,111.0,170.0,243.0,136.0,247.0,540.0,991.0,775.0,503.0,292.0,104.0,126.0
627,1270672,1159349,15571.34061,,,"MULTILINESTRING ((7.499128523730123 59.33450527935712, 7.526800285861123 59.19544605721219))",1270672_1159349,56756V521160,111.0,111.0,170.0,243.0,136.0,247.0,540.0,991.0,775.0,503.0,292.0,104.0,126.0
632,868805,892553,11681.71748,,,"MULTILINESTRING ((10.084414662448044 59.5092032765453, 10.010051871059183 59.60703378004697))",868805_892553,58372V1175478,4216.0,4216.0,4610.0,4683.0,4839.0,5300.0,5740.0,5327.0,5819.0,5658.0,5245.0,4625.0,4079.0
636,868805,613853,15489.78623,,,"MULTILINESTRING ((10.084414662448044 59.5092032765453, 9.820849141115485 59.54669793153654))",868805_613853,58372V1175478,4216.0,4216.0,4610.0,4683.0,4839.0,5300.0,5740.0,5327.0,5819.0,5658.0,5245.0,4625.0,4079.0
640,1786328,1716930,18491.93307,,,"MULTILINESTRING ((6.344923969729048 60.13451886317435, 6.040852736181423 60.06745990312882))",1786328_1716930,80069V805705,555.0,555.0,607.0,705.0,764.0,1006.0,1129.0,1581.0,1217.0,855.0,728.0,642.0,567.0
641,1617560,294323,10195.55224,,,"MULTILINESTRING ((10.388187720771576 60.222342188382605, 10.528225306432695 60.28175302818981))",1617560_294323,62963V1060678,7557.0,7557.0,8043.0,8253.0,8672.0,9037.0,10222.0,9607.0,10218.0,9526.0,9115.0,8640.0,7525.0
648,247212,247717,17437.8615,,,"MULTILINESTRING ((9.453881640145854 59.85330530550146, 9.280703695146201 59.98345078281497))",247212_247717,36539V181297,2125.0,2125.0,2523.0,2577.0,2277.0,2382.0,2768.0,3337.0,3112.0,2881.0,2694.0,2188.0,2101.0
657,247717,616516,16922.36242,,,"MULTILINESTRING ((9.280703695146201 59.98345078281497, 9.07122199919515 60.09339718740343))",247717_616516,36539V181297,2125.0,2125.0,2523.0,2577.0,2277.0,2382.0,2768.0,3337.0,3112.0,2881.0,2694.0,2188.0,2101.0
666,249980,237223,16345.24302,,,"MULTILINESTRING ((8.50422781406308 60.32846167907519, 8.369236996918588 60.459071317015244))",249980_237223,36539V181297,2125.0,2125.0,2523.0,2577.0,2277.0,2382.0,2768.0,3337.0,3112.0,2881.0,2694.0,2188.0,2101.0
675,1481196,1380475,15160.18748,,,"MULTILINESTRING ((11.197925494658506 59.61701288262286, 11.405350527617697 59.70362724888839))",1481196_1380475,50344V444250,2028.0,2028.0,2068.0,2065.0,2216.0,2348.0,2449.0,1927.0,2347.0,2345.0,2328.0,2250.0,2023.0
677,1380475,1380911,17567.13458,,,"MULTILINESTRING ((11.405350527617697 59.70362724888839, 11.52161792487346 59.85000605362914))",1380475_1380911,50344V444250,2028.0,2028.0,2068.0,2065.0,2216.0,2348.0,2449.0,1927.0,2347.0,2345.0,2328.0,2250.0,2023.0
679,1352939,45147,15974.49858,,,"MULTILINESTRING ((11.76236522198862 59.86049786650815, 12.000879270048982 59.939250955639736))",1352939_45147,08287V444243,1647.0,,,,,,,,,,,1647.0,1440.0
681,787061,505392,17720.63969,,,"MULTILINESTRING ((9.478258010098497 59.187647358683094, 9.25330048445809 59.297293836578326))",787061_505392,25258V521404,3524.0,3524.0,3802.0,3799.0,3640.0,3690.0,4075.0,4529.0,4351.0,4136.0,3462.0,3218.0,3082.0
684,505392,977290,13706.97111,,,"MULTILINESTRING ((9.25330048445809 59.297293836578326, 9.27726474538008 59.419725378203))",505392_977290,25258V521404,3524.0,3524.0,3802.0,3799.0,3640.0,3690.0,4075.0,4529.0,4351.0,4136.0,3462.0,3218.0,3082.0
687,505392,955480,17788.84516,,,"MULTILINESTRING ((9.25330048445809 59.297293836578326, 9.04440656559269 59.41613268868109))",505392_955480,25258V521404,3524.0,3524.0,3802.0,3799.0,3640.0,3690.0,4075.0,4529.0,4351.0,4136.0,3462.0,3218.0,3082.0
690,955480,977290,13227.10207,,,"MULTILINESTRING ((9.04440656559269 59.41613268868109, 9.27726474538008 59.419725378203))",955480_977290,76251V521213,2291.0,2291.0,2295.0,2288.0,2616.0,3008.0,3139.0,2966.0,2983.0,2933.0,2890.0,2686.0,2377.0
692,33684,109296,19115.90071,,,"MULTILINESTRING ((11.523792269549846 60.40053763514354, 11.50872679261953 60.57194187306214))",33684_109296,95419V704716,3760.0,3760.0,3879.0,3692.0,4066.0,4069.0,4489.0,3766.0,4262.0,4261.0,4260.0,4030.0,3606.0
693,15122,40898,18740.62653,,,"MULTILINESTRING ((12.05971598285532 60.353400838066804, 12.065856351430963 60.52157198049954))",15122_40898,62931V705208,3243.0,3243.0,3454.0,3520.0,3605.0,3643.0,4088.0,3658.0,3930.0,3766.0,3561.0,3287.0,3293.0
694,294485,1853728,17113.71021,,,"MULTILINESTRING ((7.43590357619575 62.53773084485123, 7.146146447076519 62.613332959522104))",294485_1853728,60539V248942,1844.0,1844.0,2045.0,2143.0,2168.0,2396.0,2588.0,3136.0,2779.0,2291.0,2169.0,1937.0,1885.0
697,968532,761920,16483.19627,,,"MULTILINESTRING ((8.51282070878726 59.35113202374387, 8.506060865652444 59.20320830142112))",968532_761920,78456V521428,919.0,919.0,1042.0,1049.0,894.0,1099.0,1256.0,1833.0,1585.0,1332.0,1079.0,877.0,818.0
701,968532,751810,25293.11461,,,"MULTILINESTRING ((8.51282070878726 59.35113202374387, 8.808809284380057 59.182046495831464))",968532_751810,39608V521433,0.0,0.0,0.0,0.0,0.0,0.0,0.0,0.0,0.0,0.0,0.0,0.0,0.0
703,761920,751810,17463.10067,,,"MULTILINESTRING ((8.506060865652444 59.20320830142112, 8.808809284380057 59.182046495831464))",761920_751810,78456V521428,919.0,919.0,1042.0,1049.0,894.0,1099.0,1256.0,1833.0,1585.0,1332.0,1079.0,877.0,818.0
707,761920,759628,18008.593,,,"MULTILINESTRING ((8.506060865652444 59.20320830142112, 8.50332225028447 59.04155340439781))",761920_759628,78456V521428,919.0,919.0,1042.0,1049.0,894.0,1099.0,1256.0,1833.0,1585.0,1332.0,1079.0,877.0,818.0
711,759628,288587,17428.21832,,,"MULTILINESTRING ((8.50332225028447 59.04155340439781, 8.570531328247121 58.8889978333845))",759628_288587,78456V521428,919.0,919.0,1042.0,1049.0,894.0,1099.0,1256.0,1833.0,1585.0,1332.0,1079.0,877.0,818.0
715,1788318,1695818,14311.91069,,,"MULTILINESTRING ((6.490003451249416 60.74159320214214, 6.686629406981254 60.826783335524965))",1788318_1695818,09047V805597,3091.0,3091.0,3672.0,3964.0,3484.0,3931.0,4959.0,6386.0,5502.0,3937.0,3442.0,2969.0,3084.0
718,1788318,1721403,16897.26804,,,"MULTILINESTRING ((6.490003451249416 60.74159320214214, 6.494875714278582 60.89322009368687))",1788318_1721403,09047V805597,3091.0,3091.0,3672.0,3964.0,3484.0,3931.0,4959.0,6386.0,5502.0,3937.0,3442.0,2969.0,3084.0
721,1721403,1681444,16278.55149,,,"MULTILINESTRING ((6.494875714278582 60.89322009368687, 6.54490902826586 61.03727089574781))",1721403_1681444,49929V1728794,1275.0,1275.0,1599.0,1759.0,1308.0,1192.0,1569.0,2055.0,1725.0,1223.0,1122.0,1023.0,1184.0
722,1682190,1645629,13752.94838,,,"MULTILINESTRING ((6.51669203270987 61.27470442896014, 6.29794567226526 61.339261803001726))",1682190_1645629,35485V384501,29.0,29.0,41.0,57.0,37.0,198.0,323.0,425.0,307.0,148.0,69.0,50.0,31.0
728,1645629,1647058,10525.6358,,,"MULTILINESTRING ((6.29794567226526 61.339261803001726, 6.169632400257792 61.41089509000023))",1645629_1647058,35485V384501,29.0,29.0,41.0,57.0,37.0,198.0,323.0,425.0,307.0,148.0,69.0,50.0,31.0
734,931938,287126,21696.93853,,,"MULTILINESTRING ((8.436248312035445 58.60069576741624, 8.296607356111744 58.420132561740694))",931938_287126,26773V21770,876.0,876.0,899.0,885.0,914.0,1021.0,1090.0,1155.0,1202.0,1083.0,998.0,851.0,784.0
737,356179,1816537,15404.05265,,,"MULTILINESTRING ((5.679592561605404 59.122555235224986, 5.45808159495138 59.20118101284851))",356179_1816537,50233V320584,4072.0,4072.0,4634.0,4852.0,5149.0,5494.0,5720.0,6099.0,5716.0,4938.0,4855.0,4658.0,4419.0
740,1816537,1589537,13709.29973,,,"MULTILINESTRING ((5.45808159495138 59.20118101284851, 5.363736201338181 59.31436558252173))",1816537_1589537,63934V319531,4355.0,4355.0,4931.0,5100.0,5447.0,5776.0,5962.0,6363.0,5947.0,5184.0,5310.0,4861.0,4484.0
741,286285,287126,18009.67757,,,"MULTILINESTRING ((8.174478159931528 58.27173869333403, 8.296607356111744 58.420132561740694))",286285_287126,26773V21770,876.0,876.0,899.0,885.0,914.0,1021.0,1090.0,1155.0,1202.0,1083.0,998.0,851.0,784.0
744,286285,1118108,15371.66788,,,"MULTILINESTRING ((8.174478159931528 58.27173869333403, 7.932455000426621 58.21918319404394))",286285_1118108,26849V121777,7478.0,7478.0,7354.0,7080.0,7901.0,7931.0,8493.0,6439.0,7926.0,7976.0,8020.0,8109.0,7414.0
746,1622547,1791356,15049.78376,,,"MULTILINESTRING ((5.443418445249007 59.58818222697835, 5.437487219772264 59.72323789838401))",1622547_1791356,42726V805610,3434.0,3434.0,3890.0,4100.0,4433.0,4739.0,4809.0,4652.0,4829.0,4357.0,4306.0,4092.0,3705.0
747,1118108,1122276,14791.64643,,,"MULTILINESTRING ((7.932455000426621 58.21918319404394, 7.813077398186331 58.336150298036436))",1118108_1122276,26849V121777,7478.0,7478.0,7354.0,7080.0,7901.0,7931.0,8493.0,6439.0,7926.0,7976.0,8020.0,8109.0,7414.0
749,284642,283883,14798.77163,,,"MULTILINESTRING ((10.065971926535168 60.89349947270029, 10.338372609575885 60.89879615681353))",284642_283883,13124V1060174,1220.0,1220.0,1261.0,1237.0,1324.0,1337.0,1545.0,1306.0,1481.0,1412.0,1384.0,1309.0,1141.0
752,284642,184790,15114.86721,,,"MULTILINESTRING ((10.065971926535168 60.89349947270029, 10.162527336887807 61.02076218949265))",284642_184790,60468V1060180,800.0,800.0,851.0,905.0,944.0,1018.0,1196.0,1340.0,1267.0,1082.0,991.0,885.0,866.0
753,184790,283883,16596.88017,,,"MULTILINESTRING ((10.162527336887807 61.02076218949265, 10.338372609575885 60.89879615681353))",184790_283883,13124V1060174,1220.0,1220.0,1261.0,1237.0,1324.0,1337.0,1545.0,1306.0,1481.0,1412.0,1384.0,1309.0,1141.0
756,1630870,130456,16153.61285,,,"MULTILINESTRING ((7.873082612640776 61.54898069338407, 8.100403170533582 61.645336009666046))",1630870_130456,87864V1060686,34.0,34.0,46.0,147.0,182.0,411.0,744.0,1598.0,1078.0,317.0,145.0,79.0,37.0
759,130456,297447,10135.1846,,,"MULTILINESTRING ((8.100403170533582 61.645336009666046, 8.266816106266345 61.69022633932294))",130456_297447,87864V1060686,34.0,34.0,46.0,147.0,182.0,411.0,744.0,1598.0,1078.0,317.0,145.0,79.0,37.0
762,125175,105565,10147.61024,,,"MULTILINESTRING ((8.753743749152196 61.85002181807016, 8.946417638599682 61.84823571649572))",125175_105565,27335V1060659,1931.0,1931.0,2175.0,2541.0,2621.0,3233.0,3962.0,5900.0,4564.0,3131.0,2758.0,2308.0,2116.0
765,139395,74306,10681.87864,,,"MULTILINESTRING ((10.160966355161083 62.147455471770954, 10.335892235227217 62.19744462798372))",139395_74306,72758V704670,405.0,405.0,501.0,508.0,516.0,610.0,800.0,1231.0,637.0,731.0,605.0,525.0,453.0
767,1232179,1851975,17250.82037,,,"MULTILINESTRING ((8.333637862419563 63.10671889152856, 8.622356813363115 63.024245029010515))",1232179_1851975,73005V249534,1373.0,1373.0,1554.0,1663.0,1840.0,2129.0,2373.0,2691.0,2437.0,2041.0,1895.0,1730.0,1454.0
768,582705,1592173,10880.78563,,,"MULTILINESTRING ((9.384132313943486 63.22797267785098, 9.589596722863524 63.25878044540742))",582705_1592173,06438V2413672,2824.0,2824.0,3274.0,3811.0,4098.0,4853.0,5028.0,5729.0,5186.0,4526.0,4233.0,3657.0,2989.0
769,1840643,333428,11573.20092,,,"MULTILINESTRING ((8.406105310966614 62.74055475504914, 8.511730911473366 62.83243396890265))",1840643_333428,09202V249590,775.0,775.0,808.0,884.0,942.0,1019.0,1191.0,1423.0,1282.0,1025.0,980.0,857.0,785.0
772,1840643,350782,16228.38609,,,"MULTILINESTRING ((8.406105310966614 62.74055475504914, 8.221065831804971 62.858982939955574))",1840643_350782,72672V249591,692.0,692.0,767.0,814.0,837.0,952.0,1109.0,1288.0,1083.0,941.0,901.0,794.0,702.0
773,931072,514305,14867.04889,,,"MULTILINESTRING ((9.081387144695078 59.693197674085084, 9.333372489436748 59.73323118621974))",931072_514305,37690V521133,896.0,896.0,1113.0,1201.0,1050.0,1105.0,1314.0,1686.0,1599.0,1407.0,1163.0,903.0,
776,1695818,980897,19901.75852,,,"MULTILINESTRING ((6.686629406981254 60.826783335524965, 7.028021210332937 60.891402547943464))",1695818_980897,65182V384013,1428.0,1428.0,1698.0,1859.0,1788.0,2280.0,2979.0,4336.0,3697.0,2273.0,1838.0,1457.0,1492.0
778,239784,240580,16480.91395,,,"MULTILINESTRING ((8.963957280950574 61.10639373450696, 8.674541130164961 61.15422257700509))",239784_240580,40191V1060144,168.0,168.0,191.0,248.0,263.0,299.0,364.0,702.0,503.0,324.0,241.0,173.0,188.0
780,338561,341373,16998.80628,,,"MULTILINESTRING ((8.387404567388323 61.180274357753405, 8.07147170718949 61.17861263027136))",338561_341373,82976V1060642,116.0,116.0,164.0,219.0,118.0,83.0,109.0,251.0,165.0,120.0,116.0,61.0,114.0
781,980760,1686797,11390.3923,,,"MULTILINESTRING ((7.2900974374202 60.9333794440916, 7.344598450281956 60.834667812560845))",980760_1686797,98792V181304,124.0,124.0,197.0,216.0,190.0,258.0,407.0,773.0,540.0,262.0,165.0,115.0,138.0
786,1686797,1634756,15382.70149,,,"MULTILINESTRING ((7.344598450281956 60.834667812560845, 7.57215615802421 60.752876612128915))",1686797_1634756,98792V181304,124.0,124.0,197.0,216.0,190.0,258.0,407.0,773.0,540.0,262.0,165.0,115.0,138.0
791,1634756,252368,16075.96148,,,"MULTILINESTRING ((7.57215615802421 60.752876612128915, 7.851968164420579 60.7077155040029))",1634756_252368,98792V181304,124.0,124.0,197.0,216.0,190.0,258.0,407.0,773.0,540.0,262.0,165.0,115.0,138.0
796,252368,1264979,17211.21169,,,"MULTILINESTRING ((7.851968164420579 60.7077155040029, 8.112059320020276 60.62070913765581))",252368_1264979,98792V181304,124.0,124.0,197.0,216.0,190.0,258.0,407.0,773.0,540.0,262.0,165.0,115.0,138.0
801,333428,350782,15099.28807,,,"MULTILINESTRING ((8.511730911473366 62.83243396890265, 8.221065831804971 62.858982939955574))",333428_350782,09202V249590,775.0,775.0,808.0,884.0,942.0,1019.0,1191.0,1423.0,1282.0,1025.0,980.0,857.0,785.0
804,275272,296531,18754.41379,,,"MULTILINESTRING ((9.02739813517086 61.66239168729968, 8.856032291388013 61.51523734191464))",275272_296531,03080V1060138,47.0,47.0,97.0,294.0,416.0,700.0,1199.0,2654.0,1727.0,926.0,417.0,225.0,107.0
805,296531,274658,19332.18648,,,"MULTILINESTRING ((8.856032291388013 61.51523734191464, 8.812656655006041 61.34300382680388))",296531_274658,41470V1060682,1677.0,1677.0,1930.0,2243.0,1951.0,1984.0,2800.0,4762.0,3529.0,2530.0,2054.0,1961.0,1792.0
807,585747,70317,17152.64063,,,"MULTILINESTRING ((11.186968495917375 62.900395216303714, 10.885422219083202 62.96971115589232))",585747_70317,55950V72275,970.0,970.0,1363.0,1251.0,1169.0,1227.0,1414.0,1555.0,1490.0,1251.0,1154.0,977.0,947.0
810,70317,584830,16615.78632,,,"MULTILINESTRING ((10.885422219083202 62.96971115589232, 10.558006345560361 62.97459386282932))",70317_584830,55950V72275,970.0,970.0,1363.0,1251.0,1169.0,1227.0,1414.0,1555.0,1490.0,1251.0,1154.0,977.0,947.0
813,590166,500796,16705.5356,,,"MULTILINESTRING ((9.860969680590742 62.849065651484295, 9.734760297336901 62.987459920790556))",590166_500796,01559V249583,1007.0,1007.0,1072.0,1113.0,1164.0,1201.0,1364.0,1404.0,1351.0,1220.0,1181.0,1112.0,1013.0
816,1842417,1842636,10662.17052,,,"MULTILINESTRING ((9.04798594415409 63.01065084067116, 8.843981334339732 62.98723733347475))",1842417_1842636,31891V249584,1349.0,1349.0,1457.0,1431.0,1584.0,1800.0,1882.0,1608.0,1870.0,1370.0,1316.0,1010.0,1006.0
818,554541,613237,16488.85497,,,"MULTILINESTRING ((11.693947660092741 64.48020949996962, 12.036681469157438 64.47636719566572))",554541_613237,98403V578166,1871.0,1871.0,1980.0,1964.0,2061.0,2192.0,2519.0,2271.0,2405.0,2186.0,2190.0,2091.0,1806.0
819,1041265,998564,16111.31803,,,"MULTILINESTRING ((18.577208046889886 69.1232255338375, 18.9821104311918 69.12147119405732))",1041265_998564,53710V1126287,4152.0,4152.0,4647.0,4677.0,4974.0,5456.0,6220.0,6225.0,6244.0,5573.0,5197.0,4803.0,4373.0
820,1006531,1045221,14158.98084,,,"MULTILINESTRING ((19.31579137308156 69.2277655993191, 19.37969701003003 69.35266019745524))",1006531_1045221,01154V1126338,2302.0,2302.0,2235.0,2208.0,1898.0,1682.0,2023.0,2156.0,2248.0,2183.0,2109.0,1902.0,1727.0
821,1045221,1011905,18133.81771,,,"MULTILINESTRING ((19.37969701003003 69.35266019745524, 19.251834638816945 69.50887423281563))",1045221_1011905,99846V2429627,2362.0,2362.0,0.0,0.0,0.0,0.0,4938.0,4736.0,4798.0,4335.0,3829.0,3487.0,3252.0
822,1011905,907160,16334.63684,,,"MULTILINESTRING ((19.251834638816945 69.50887423281563, 19.44635001622613 69.63858208082029))",1011905_907160,65593V1125854,537.0,537.0,547.0,584.0,638.0,687.0,1021.0,1258.0,1108.0,730.0,705.0,610.0,546.0
825,469697,410050,14399.98974,,,"MULTILINESTRING ((15.663781534736984 68.08542861925736, 15.356679454670939 68.0264992249194))",469697_410050,53934V886009,734.0,734.0,788.0,847.0,863.0,963.0,1162.0,1370.0,1224.0,943.0,922.0,886.0,764.0
827,983298,983856,11719.58283,,,"MULTILINESTRING ((14.401255079350559 68.214591950362, 14.157737630543789 68.26822114776137))",983298_983856,27620V885957,1822.0,1822.0,2254.0,2429.0,2300.0,2716.0,3702.0,5242.0,4034.0,2794.0,2328.0,2121.0,1827.0
830,983856,973720,13450.96459,,,"MULTILINESTRING ((14.157737630543789 68.26822114776137, 13.832338025596947 68.26856246496554))",983856_973720,03102V885959,966.0,966.0,1201.0,1276.0,1219.0,1503.0,2200.0,3174.0,2497.0,1605.0,1327.0,1147.0,978.0
831,293942,974527,12351.08449,,,"MULTILINESTRING ((13.564576480908206 68.13443045667738, 13.310057815175764 68.07752756940356))",293942_974527,19425V885198,7192.0,7192.0,7658.0,7905.0,8193.0,8529.0,9541.0,10123.0,9242.0,8579.0,,,
833,974527,974990,10609.65637,,,"MULTILINESTRING ((13.310057815175764 68.07752756940356, 13.172298873696816 67.99759698028747))",974527_974990,65823V1668921,469.0,469.0,706.0,760.0,659.0,882.0,1645.0,2708.0,1956.0,992.0,747.0,532.0,485.0
834,907160,1008680,14641.46684,,,"MULTILINESTRING ((19.44635001622613 69.63858208082029, 19.8205032234766 69.65480503436414))",907160_1008680,65593V1125854,537.0,537.0,547.0,584.0,638.0,687.0,1021.0,1258.0,1108.0,730.0,705.0,610.0,546.0
837,424900,413112,13886.5009,,,"MULTILINESTRING ((15.230737969190107 68.63784126739172, 14.978372916051457 68.5541671318455))",424900_413112,03141V885951,2889.0,2889.0,3045.0,2918.0,3210.0,3307.0,3563.0,3228.0,3469.0,3385.0,3329.0,3224.0,2934.0
838,987955,988264,16856.83452,,,"MULTILINESTRING ((25.10414930228877 70.38161380319255, 24.963714401250648 70.2381327991584))",987955_988264,34500V930598,397.0,397.0,490.0,517.0,592.0,675.0,969.0,1275.0,1103.0,763.0,594.0,475.0,406.0
840,988264,974905,19603.65624,,,"MULTILINESTRING ((24.963714401250648 70.2381327991584, 24.92951791455622 70.0628006452909))",988264_974905,34500V930598,397.0,397.0,490.0,517.0,592.0,675.0,969.0,1275.0,1103.0,763.0,594.0,475.0,406.0
842,975169,975503,18678.95842,,,"MULTILINESTRING ((25.28288086420853 70.15906862089494, 25.55178599064671 70.29958758446263))",975169_975503,14490V930350,251.0,251.0,305.0,342.0,367.0,438.0,554.0,858.0,683.0,488.0,361.0,323.0,260.0
851,975503,975936,16361.46396,,,"MULTILINESTRING ((25.55178599064671 70.29958758446263, 25.942950142138397 70.36398859030774))",975503_975936,14490V930350,251.0,251.0,305.0,342.0,367.0,438.0,554.0,858.0,683.0,488.0,361.0,323.0,260.0
860,975936,973638,10069.07646,,,"MULTILINESTRING ((25.942950142138397 70.36398859030774, 26.139194165036866 70.30253331768292))",975936_973638,14490V930350,251.0,251.0,305.0,342.0,367.0,438.0,554.0,858.0,683.0,488.0,361.0,323.0,260.0
869,973638,973930,16599.43953,,,"MULTILINESTRING ((26.139194165036866 70.30253331768292, 26.565130981516866 70.34170856279346))",973638_973930,14490V930350,251.0,251.0,305.0,342.0,367.0,438.0,554.0,858.0,683.0,488.0,361.0,323.0,260.0
878,973930,1818925,15500.51499,,,"MULTILINESTRING ((26.565130981516866 70.34170856279346, 26.85528555460236 70.44073730564357))",973930_1818925,14490V930350,251.0,251.0,305.0,342.0,367.0,438.0,554.0,858.0,683.0,488.0,361.0,323.0,260.0
887,832749,1101914,17561.22246,,,"MULTILINESTRING ((27.33086343693628 70.44362164103686, 27.80045221095047 70.43862566618203))",832749_1101914,14490V930350,251.0,251.0,305.0,342.0,367.0,438.0,554.0,858.0,683.0,488.0,361.0,323.0,260.0
896,1101914,1007500,15461.23499,,,"MULTILINESTRING ((27.80045221095047 70.43862566618203, 28.19107356742026 70.39350231881653))",1101914_1007500,14490V930350,251.0,251.0,305.0,342.0,367.0,438.0,554.0,858.0,683.0,488.0,361.0,323.0,260.0
905,1007500,1594521,10025.49048,,,"MULTILINESTRING ((28.19107356742026 70.39350231881653, 28.159624796253226 70.30426660022168))",1007500_1594521,14490V930350,251.0,251.0,305.0,342.0,367.0,438.0,554.0,858.0,683.0,488.0,361.0,323.0,260.0
