,Name,Latitude,Longitude,geometry
0,Kople:  Hønefoss sentrum - Normallader,60.16676853978183,10.259010629495492,POINT (10.259010629495492 60.16676853978183)
1,Furøyveien,66.74289365388472,13.552395016398236,POINT (13.552395016398236 66.74289365388472)
2,Flostrandveien 2,66.2960219821708,13.55036565191324,POINT (13.55036565191324 66.2960219821708)
3,Foldavegen 1225,64.96250732480354,12.178523878943563,POINT (12.178523878943563 64.96250732480354)
4,2 Ringveien,62.278583908655776,10.77562327744215,POINT (10.77562327744215 62.278583908655776)
5,IONITY Klett,63.3246,10.3059,POINT (10.3059 63.3246)
6,IONITY Oyer,61.243181,10.434626,POINT (10.434626 61.243181)
7,IONITY Alvdal,62.118925,10.613519,POINT (10.613519 62.118925)
8,IONITY Skei,61.57475,6.48347,POINT (6.48347 61.57475)
9,IONITY Aspoya,63.010702,7.975368,POINT (7.975368 63.010702)
10,1825 Tomter,59.61781,11.00401,POINT (11.00401 59.61781)
11,Esso Moholt,63.40975612896023,10.44087968094732,POINT (10.44087968094732 63.40975612896023)
12,Vikøyrane Ørsta ,62.19893834606634,6.123862570271854,POINT (6.123862570271854 62.19893834606634)
13,Yx Stryn,61.90069802938828,6.715850285970646,POINT (6.715850285970646 61.90069802938828)
14,IONITY Aurland,60.8992,7.2105,POINT (7.2105 60.8992)
15,IONITY Rygge,59.3865,10.75157,POINT (10.75157 59.3865)
16,IONITY Leirvik,59.77513,5.486289,POINT (5.486289 59.77513)
17,IONITY Dal,60.2531,11.1826,POINT (11.1826 60.2531)
18,IONITY Bergen,60.484743,5.376448,POINT (5.376448 60.484743)
19,IONITY Dombås,62.074209,9.12493,POINT (9.12493 62.074209)
20,IONITY Sira,58.40599,6.62316,POINT (6.62316 58.40599)
21,IONITY Gol,60.702042,8.943108,POINT (8.943108 60.702042)
22,IONITY Ringdalskogen,59.11234,10.11033,POINT (10.11033 59.11234)
23,Circle K Sannan,64.0099804012101,11.502809023181952,POINT (11.502809023181952 64.0099804012101)
24,IONITY Kjerlingland,58.236828,8.299077,POINT (8.299077 58.236828)
25,IONITY Bagn,60.822468,9.5541,POINT (9.5541 60.822468)
26,Frohavet,63.88479,9.87337,POINT (9.87337 63.88479)
27,Doktorbakken 2,60.15911,11.43023,POINT (11.43023 60.15911)
28,Doktorbakken 6,60.15883,11.4279,POINT (11.4279 60.15883)
29,Rema 1000 Stavern,59.01617,10.02119,POINT (10.02119 59.01617)
30,Gromstad 50kw,58.87814,9.40728,POINT (9.40728 58.87814)
31,Bjelland,58.38356,7.52764,POINT (7.52764 58.38356)
32,Mehamn,71.0382208,27.8506775,POINT (27.8506775 71.0382208)
33,Kjøllefjord,70.9458779,27.3523839,POINT (27.3523839 70.9458779)
34,Bygdekinoen Øksfjord,70.2394881,22.3474748,POINT (22.3474748 70.2394881)
35,Tana Bru,70.20032,28.18906,POINT (28.18906 70.20032)
36,Varangerbotn,70.1721581,28.5553805,POINT (28.5553805 70.1721581)
37,Vadsø,70.0730834,29.7547072,POINT (29.7547072 70.0730834)
38,Extra Bossekop,69.96111,23.23252,POINT (23.23252 69.96111)
39,YX Burfjord,69.94074,22.05,POINT (22.05 69.94074)
40,Circle K Nordreisa,69.77198,21.02699,POINT (21.02699 69.77198)
41,Kåfjord,69.5416909,20.5506883,POINT (20.5506883 69.5416909)
42,Karasjok,69.47264598,25.51792468,POINT (25.51792468 69.47264598)
43,Máze,69.44371,23.66711,POINT (23.66711 69.44371)
44,Andøya Space Center,69.29569,16.03082,POINT (16.03082 69.29569)
45,Esso Kautokeino,69.01323,23.04084,POINT (23.04084 69.01323)
46,Hansens Bilverksted Mosjøen,65.82818,13.20252,POINT (13.20252 65.82818)
47,Storgata,64.86287,11.23773,POINT (11.23773 64.86287)
48,Strangata,64.86067,11.23663,POINT (11.23663 64.86067)
49,AutoU+0026#039;n AS,64.302492,10.512236,POINT (10.512236 64.302492)
50,Hellsenteret ladestasjon,63.44782,10.91071,POINT (10.91071 63.44782)
51,"Vihals Handelssted, Skardsøya, Aure",63.34756,8.68931,POINT (8.68931 63.34756)
52,Rema 1000 Averøy,63.068046,7.64769,POINT (7.64769 63.068046)
53,Øyskogvegen 5,62.97752,8.66698,POINT (8.66698 62.97752)
54,Eidsvåg,62.7757,8.06435,POINT (8.06435 62.7757)
55,Rema 1000 Giske,62.529111,6.116412,POINT (6.116412 62.529111)
56,Circle K Digerneset,62.49043,6.60654,POINT (6.60654 62.49043)
57,Brusdalsvegen  201,62.470451,6.3788033,POINT (6.3788033 62.470451)
58,Alvdal,62.118898,10.613358,POINT (10.613358 62.118898)
59,Sogn og Fjordane Energi AS,61.76439,4.871626,POINT (4.871626 61.76439)
60,Pellestova Hotell Hafjell,61.2266949,10.5444369,POINT (10.5444369 61.2266949)
61,Burger King Ringsaker,60.84265,11.05346,POINT (11.05346 60.84265)
62,CC Hamar,60.7976147,11.0830523,POINT (11.0830523 60.7976147)
63,Ringvegen 10,60.78345,10.69342,POINT (10.69342 60.78345)
64,Amfi Raufoss,60.72915,10.61561,POINT (10.61561 60.72915)
65,Shell Nesbyen,60.571029,9.111828,POINT (9.111828 60.571029)
66,YX Osterøy,60.49867,5.47965,POINT (5.47965 60.49867)
67,Rødberg v/Rødberg Hotell,60.2677,8.94287,POINT (8.94287 60.2677)
68,Nannestad Sentrum,60.22035,11.01346,POINT (11.01346 60.22035)
69,Smedsrud Alpakkagård,60.00774,11.22311,POINT (11.22311 60.00774)
70,Møller Bil Grorud,59.95492,10.89408,POINT (10.89408 59.95492)
71,Idas vei,59.950796,10.946725,POINT (10.946725 59.950796)
72,Ullern Flerbrukshall,59.927623,10.63062,POINT (10.63062 59.927623)
73,Rykkinn Senter,59.924486,10.486942,POINT (10.486942 59.924486)
74,Jordalgata 12,59.9090685,10.7818404,POINT (10.7818404 59.9090685)
75,Extra Dønski,59.90455,10.50474,POINT (10.50474 59.90455)
76,Esso Ryen,59.8945622,10.8050726,POINT (10.8050726 59.8945622)
77,Henie Onstad Kunstsenter,59.88864,10.55424,POINT (10.55424 59.88864)
78,Kuben Senter,59.79858,5.2101,POINT (5.2101 59.79858)
79,Eiker Senter,59.76046,9.90219,POINT (9.90219 59.76046)
80,Buskerud Storsenter,59.756915,10.001678,POINT (10.001678 59.756915)
81,Juvlandsvegen 2,59.69569,8.06618,POINT (8.06618 59.69569)
82,Rema 1000 Holmestrand,59.474957,10.317436,POINT (10.317436 59.474957)
83,Rygge Storsenter,59.41617,10.68292,POINT (10.68292 59.41617)
84,BKK Hurtigladestasjon Rema 1000 Svarstad,59.40147,9.95709,POINT (9.95709 59.40147)
85,Fyresdal kommune,59.20293,8.08427,POINT (8.08427 59.20293)
86,Down Town Senter,59.137833,9.639557,POINT (9.639557 59.137833)
87,BKK Hurtigladestasjon Rema 1000 Tjøme,59.12118,10.40059,POINT (10.40059 59.12118)
88,Boreal - Revheim,58.9482951,5.6593146,POINT (5.6593146 58.9482951)
89,Shell Bryne,58.7380121,5.6411648,POINT (5.6411648 58.7380121)
90,Shell Tvedestrand,58.615281,8.901498,POINT (8.901498 58.615281)
91,Extra Fiskå,58.12538,7.96376,POINT (7.96376 58.12538)
92,Skaidi Supercharger,70.432146,24.505947,POINT (24.505947 70.432146)
93,Handelsparken BKK,59.06512587377495,5.921035049548664,POINT (5.921035049548664 59.06512587377495)
94,Notodden Supercharger,59.56683,9.218931,POINT (9.218931 59.56683)
95,Vestby Supercharger,59.602856,10.741187,POINT (10.741187 59.602856)
96,Leira Supercharger,60.969163,9.29164,POINT (9.29164 60.969163)
97,Maurset Supercharger,60.410401,7.325072,POINT (7.325072 60.410401)
98,Molde Storsenter,62.73830629912783,7.185910151431358,POINT (7.185910151431358 62.73830629912783)
99,Aspøya Fjordsenter,63.01162473808751,7.976664870251852,POINT (7.976664870251852 63.01162473808751)
100,Sommarøy,69.63589,17.99303,POINT (17.99303 69.63589)
101,Hamn,69.41698,17.16816,POINT (17.16816 69.41698)
102,Ole Reistads vei,69.05518,18.48918,POINT (18.48918 69.05518)
103,Esso Deli De Luca Grubhei,66.32036,14.20314,POINT (14.20314 66.32036)
104,Brekstad Fergeleie,63.68861,9.66842,POINT (9.66842 63.68861)
105,Kiwi,63.44233,10.43408,POINT (10.43408 63.44233)
106,TrP Jonas Lies Gate,63.42798,10.41926,POINT (10.41926 63.42798)
107,Aure kommunehus,63.26768,8.53157,POINT (8.53157 63.26768)
108,Rema 1000 Ulsteinvik,62.33763,5.85293,POINT (5.85293 62.33763)
109,Stad Kommune - Leikanger Sentrum,62.12013,5.31701,POINT (5.31701 62.12013)
110,Lom,61.83618,8.56653,POINT (8.56653 61.83618)
111,Svelgen,61.76841,5.29211,POINT (5.29211 61.76841)
112,Hardbakke,61.071742,4.840136,POINT (4.840136 61.071742)
113,Engeli omsorgsboliger,60.61665,12.00475,POINT (12.00475 60.61665)
114,Joker Hedalen,60.59944,9.74472,POINT (9.74472 60.59944)
115,Nesbyen Auto AS,60.556917,9.12913,POINT (9.12913 60.556917)
116,Skjold Borettslag,60.30719,5.34181,POINT (5.34181 60.30719)
117,Kiwi Moberg,60.181583,5.453698,POINT (5.453698 60.181583)
118,Oseana kunst og kultursenter,60.18141,5.46679,POINT (5.46679 60.18141)
119,Viksveien  2,60.07742,10.27884,POINT (10.27884 60.07742)
120,Romerikssenteret,60.076786,11.135482,POINT (11.135482 60.076786)
121,Skreddergata 1,59.96003,10.47427,POINT (10.47427 59.96003)
122,Ringstabekk Skole,59.91882,10.60067,POINT (10.60067 59.91882)
123,Gamle Drammensvei 119,59.90239,10.57104,POINT (10.57104 59.90239)
124,Dønskiveien 46,59.90068,10.50095,POINT (10.50095 59.90068)
125,Hynion Høvik,59.89859,10.57581,POINT (10.57581 59.89859)
126,Joker Hektnersletta,59.89802,11.09551,POINT (11.09551 59.89802)
127,Solvik BBS,59.89297,10.56105,POINT (10.56105 59.89297)
128,Esso Bømlo,59.79803,5.23112,POINT (5.23112 59.79803)
129,Albjerk Bil Drammen,59.75421,10.13318,POINT (10.13318 59.75421)
130,Shell Mjøndalen,59.75158,10.02378,POINT (10.02378 59.75158)
131,Lyseren Strandpark,59.7062,11.09989,POINT (11.09989 59.7062)
132,Esso Kobbervikdalen,59.70269,10.24453,POINT (10.24453 59.70269)
133,Stortorvet senter,59.66826,9.65272,POINT (9.65272 59.66826)
134,Stopp Tune,59.28719,11.086506,POINT (11.086506 59.28719)
135,Apenesfjellet p-hus,59.21158,10.94104,POINT (10.94104 59.21158)
136,Kammerfossveien,58.87614,9.36416,POINT (9.36416 58.87614)
137,Eikerapen Turistsenter,58.53883,7.35682,POINT (7.35682 58.53883)
138,Møller Bil Egersund,58.47998,5.99785,POINT (5.99785 58.47998)
139,Utsikten Hotell,58.30637,6.97038,POINT (6.97038 58.30637)
140,Aksdal South Supercharger,59.421206,5.4435,POINT (5.4435 59.421206)
141,Circle K Klett,63.32481,10.30589,POINT (10.30589 63.32481)
142,Tynset sentrum,62.274615,10.779675,POINT (10.779675 62.274615)
143,Hernes Supercharger,60.932103,11.675676,POINT (11.675676 60.932103)
144,Mo I Rana Supercharger,66.307374,14.152668,POINT (14.152668 66.307374)
145,Arna Supercharger,60.421924,5.46703,POINT (5.46703 60.421924)
146,Levanger Supercharger,63.734517,11.281552,POINT (11.281552 63.734517)
147,Rugtvedt Supercharger,59.035933,9.67402,POINT (9.67402 59.035933)
148,Berkåk Supercharger,62.83203,10.00964,POINT (10.00964 62.83203)
149,Skibotn Supercharger,69.392448,20.268423,POINT (20.268423 69.392448)
150,Sørkjosen Supercharger,69.792427,20.939286,POINT (20.939286 69.792427)
151,Ørskog Supercharger,62.5203,6.916356,POINT (6.916356 62.5203)
152,Nes I Ådal – Valdresporten Supercharger,60.584991,9.984288,POINT (9.984288 60.584991)
153,Hokksund Supercharger,59.761249,9.905515,POINT (9.905515 59.761249)
154,Hovden Supercharger,59.561444,7.356644,POINT (7.356644 59.561444)
155,Åsane Supercharger,60.484345,5.375959,POINT (5.375959 60.484345)
156,Rygge Supercharger,59.38753,10.751039,POINT (10.751039 59.38753)
157,Gulsvik Supercharger,60.381223,9.609859,POINT (9.609859 60.381223)
158,Voss Supercharger,60.658184,6.436238,POINT (6.436238 60.658184)
159,"Eidsvoll Verk, Norway - Nebbenes Supercharger",60.312153,11.144888,POINT (11.144888 60.312153)
160,Skarnes Supercharger,60.248841,11.743848,POINT (11.743848 60.248841)
161,Lærdal Supercharger,61.064746,7.510429,POINT (7.510429 61.064746)
162,"Skjåk, Norway - Bismo Supercharger",61.88317,8.267157,POINT (8.267157 61.88317)
163,Vinstra Supercharger,61.591747,9.722741,POINT (9.722741 61.591747)
164,Norheimsund Supercharger,60.372334,6.141234,POINT (6.141234 60.372334)
165,Porsgrunn Supercharger,59.122085,9.707432,POINT (9.707432 59.122085)
166,Gol West,60.697258,8.953551,POINT (8.953551 60.697258)
167,Vikeså Supercharger,58.631861,6.077764,POINT (6.077764 58.631861)
168,Os Supercharger,60.193018,5.465142,POINT (5.465142 60.193018)
169,Røldal Supercharger,59.816851,6.752166,POINT (6.752166 59.816851)
170,Øyer Supercharger,61.243354,10.434287,POINT (10.434287 61.243354)
171,Lavik Supercharger,61.103661,5.513039,POINT (5.513039 61.103661)
172,Holmestrand Supercharger,59.490326,10.294542,POINT (10.294542 59.490326)
173,Mosjøen North Supercharger,65.841627,13.187939,POINT (13.187939 65.841627)
174,Brumunddal Supercharger,60.878539,10.929584,POINT (10.929584 60.878539)
175,Eidfjord Supercharger,60.467438,7.068209,POINT (7.068209 60.467438)
176,Ringdalskogen Supercharger,59.112402,10.108727,POINT (10.108727 59.112402)
177,"Jaren, Spydeberg Supercharger",59.617769,11.00302,POINT (11.00302 59.617769)
178,Åndalsnes Supercharger,62.557776,7.685321,POINT (7.685321 62.557776)
179,Skei Supercharger,61.575358,6.483264,POINT (6.483264 61.575358)
180,Bygland Supercharger,58.827659,7.796338,POINT (7.796338 58.827659)
181,Dombås,62.07417889953439,9.127585247680145,POINT (9.127585247680145 62.07417889953439)
182,Vitaminveien,59.94609513678833,10.77700621923782,POINT (10.77700621923782 59.94609513678833)
183,Svolvær,68.233132,14.559828,POINT (14.559828 68.233132)
184,Hvervenmoen ladepark - Hvervenmoveien 2,60.14595386718787,10.250290744350425,POINT (10.250290744350425 60.14595386718787)
185,Hvervenmoveien 2,60.14316150743727,10.32556915173268,POINT (10.32556915173268 60.14316150743727)
186,Bamble Supercharger,58.971301,9.513025,POINT (9.513025 58.971301)
187,Tesla Supercharger Liertoppen,59.8090147632474,10.2991707709778,POINT (10.2991707709778 59.8090147632474)
188,Hammerfest lufthavn,70.67823,23.6684,POINT (23.6684 70.67823)
189,Grieg Seafood avd. settefisk,70.41265,26.69634,POINT (26.69634 70.41265)
190,ABC Thai AS,70.37006,31.11,POINT (31.11 70.37006)
191,Lakselv Lufthavn,70.06689,24.98284,POINT (24.98284 70.06689)
192,Alta lufthavn,69.97774,23.34683,POINT (23.34683 69.97774)
193,Tromsø taxi,69.6927,19.0139,POINT (19.0139 69.6927)
194,Stakkevollvegen,69.66038,18.96813,POINT (18.96813 69.66038)
195,Kåfjord Helsetun,69.49942,20.82322,POINT (20.82322 69.49942)
196,Sortland Storsenter,68.69395,15.41677,POINT (15.41677 68.69395)
197,Svebjørn Auto Narvik,68.4115,17.42844,POINT (17.42844 68.4115)
198,Storgata 46,68.23347,14.56573,POINT (14.56573 68.23347)
199,Extra Tverlandet,67.30556,14.73832,POINT (14.73832 67.30556)
200,Esso Rønvik,67.29327,14.40789,POINT (14.40789 67.29327)
201,Haaland AS,66.3173,14.14577,POINT (14.14577 66.3173)
202,Trekanten parkering,66.30708,14.13173,POINT (14.13173 66.30708)
203,Sulland Mo AS,66.30444319775847,14.130116996081597,POINT (14.130116996081597 66.30444319775847)
204,Sandnessjøen lufthavn,65.95684,12.46732,POINT (12.46732 65.95684)
205,Rørvik Lufthavn,64.83952,11.14423,POINT (11.14423 64.83952)
206,Rådhusgata Verdal Kommune,63.79349,11.48776,POINT (11.48776 63.79349)
207,Extra Verdal,63.78879,11.47987,POINT (11.47987 63.78879)
208,Sulland Verdal (Madsen Bil),63.78537,11.45517,POINT (11.45517 63.78537)
209,Hitra Rådhus,63.60171,8.9742,POINT (8.9742 63.60171)
210,"Trondheim lufthavn, Værnes",63.45401,10.9161,POINT (10.9161 63.45401)
211,TrP Losgata,63.43789,10.41348,POINT (10.41348 63.43789)
212,Sirkus Shopping,63.43623,10.45546,POINT (10.45546 63.43623)
213,TrP Munkegata,63.43163,10.39431,POINT (10.39431 63.43163)
214,Meldal Næringssenter,63.140718,9.710069,POINT (9.710069 63.140718)
215,Smia Restaurant U+0026amp; Catering,63.11682,7.73198,POINT (7.73198 63.11682)
216,Kirketomta,63.11178,7.72643,POINT (7.72643 63.11178)
217,Tydal kommune,63.0446785,11.65691,POINT (11.65691 63.0446785)
218,Bud,62.90666,6.91776,POINT (6.91776 62.90666)
219,Rema 1000 Elnesvågen,62.85427,7.16538,POINT (7.16538 62.85427)
220,Ålen sentrum,62.84234,11.30244,POINT (11.30244 62.84234)
221,Kviltorp Camping,62.742643,7.23335,POINT (7.23335 62.742643)
222,Esso Vigra,62.53255,6.12368,POINT (6.12368 62.53255)
223,Amfi Moa Øst,62.46579,6.35518,POINT (6.35518 62.46579)
224,Rema 1000 Flisnes,62.43239,6.41347,POINT (6.41347 62.43239)
225,Ørsta/Volda lufthavn,62.18004,6.0795,POINT (6.0795 62.18004)
226,"Rema 1000 Stokkenes, Nordfjordeid",61.90981,6.00345,POINT (6.00345 61.90981)
227,TOCN - Stryn Torg,61.90386,6.71758,POINT (6.71758 61.90386)
228,Engerdal,61.75895,11.96257,POINT (11.96257 61.75895)
229,Amfi Florø,61.60145,5.03671,POINT (5.03671 61.60145)
230,"Rema 1000 Evja, Florø",61.59897,5.04765,POINT (5.04765 61.59897)
231,Rema 1000 Førde,61.44946,5.87215,POINT (5.87215 61.44946)
232,Extra Bygg Førde,61.44892,5.88882,POINT (5.88882 61.44892)
233,Gaupne hurtigladestasjon,61.40322,7.29432,POINT (7.29432 61.40322)
234,Blåswixbutikken,61.14848,10.41554,POINT (10.41554 61.14848)
235,Vik i Sogn,61.0859484,6.5814388,POINT (6.5814388 61.0859484)
236,Kiwi Røn,61.03372,9.05456,POINT (9.05456 61.03372)
237,Valdres Auto AS,60.9906,9.22115,POINT (9.22115 60.9906)
238,Fagernes Kjøpesenter,60.98654,9.23831,POINT (9.23831 60.98654)
239,Kiwi Næroset,60.97491,10.77644,POINT (10.77644 60.97491)
240,"Kiwi, Aurdal",60.91995,9.42217,POINT (9.42217 60.91995)
241,Heggedalsvegen,60.71694,11.19479,POINT (11.19479 60.71694)
242,Evanger,60.64877,6.11544,POINT (6.11544 60.64877)
243,Extra Flisa,60.61283,12.00852,POINT (12.00852 60.61283)
244,Kiwi Nesbyen,60.56939,9.10478,POINT (9.10478 60.56939)
245,Hjellvikåsen  48,60.55377,5.41532,POINT (5.41532 60.55377)
246,Granvin,60.52419,6.71977,POINT (6.71977 60.52419)
247,Frekhaug,60.51808,5.23941,POINT (5.23941 60.51808)
248,Bergen,60.48466,5.37211,POINT (5.37211 60.48466)
249,Rema 1000 Juvikflaten,60.42794,5.19317,POINT (5.19317 60.42794)
250,Maurset,60.41032,7.32484,POINT (7.32484 60.41032)
251,Arnatveit Borettslag,60.40615,5.47972,POINT (5.47972 60.40615)
252,Ågotnes Torg,60.40359,5.00081,POINT (5.00081 60.40359)
253,Øystese,60.38692,6.20142,POINT (6.20142 60.38692)
254,Shell Lone,60.37425,5.45709,POINT (5.45709 60.37425)
255,Esso Loddefjord,60.36144,5.23441,POINT (5.23441 60.36144)
256,Sartor storsenter,60.35837,5.12625,POINT (5.12625 60.35837)
257,Extra Hammerås,60.33084,11.21368,POINT (11.21368 60.33084)
258,"McDonalds Lagunen, Rådal",60.29556,5.32697,POINT (5.32697 60.29556)
259,"Bergen lufthavn, P3",60.28959,5.22652,POINT (5.22652 60.28959)
260,Eggedal,60.24675,9.356,POINT (9.356 60.24675)
261,"Sanngrund, Skarnes",60.19908,11.58132,POINT (11.58132 60.19908)
262,Oslo lufthavn P10,60.19265,11.10098,POINT (11.10098 60.19265)
263,Kuben kjøpesenter,60.16526,10.25376,POINT (10.25376 60.16526)
264,Aka Arena,60.15888,10.26491,POINT (10.26491 60.15888)
265,Extra Neskollen,60.12603,11.33999,POINT (11.33999 60.12603)
266,YX 7-Eleven Hakadal,60.10056,10.86631,POINT (10.86631 60.10056)
267,Rema 1000 Sørfjordsenteret,60.07064,6.54164,POINT (6.54164 60.07064)
268,Gjermundshamn,60.06083,5.91401,POINT (5.91401 60.06083)
269,Prestfoss,60.04375,9.63268,POINT (9.63268 60.04375)
270,Vikersund Næringspark,59.98711,9.97561,POINT (9.97561 59.98711)
271,Trondheimsveien,59.98576,10.95148,POINT (10.95148 59.98576)
272,Hvam,59.97994,10.98897,POINT (10.98897 59.97994)
273,Meny Åråsen,59.96329,11.06117,POINT (11.06117 59.96329)
274,Obs Haugenstua,59.95493,10.90121,POINT (10.90121 59.95493)
275,Strømmen Storsenter,59.94645,11.00647,POINT (11.00647 59.94645)
276,Circle K Lørenskog,59.941336,10.945095,POINT (10.945095 59.941336)
277,Colosseum P-hus,59.92926,10.71083,POINT (10.71083 59.92926)
278,Kiwi Mølla,59.92874,10.75789,POINT (10.75789 59.92874)
279,Rema 1000 Fitjar,59.91991,5.32625,POINT (5.32625 59.91991)
280,Birger N. Haug Rud,59.90778,10.49272,POINT (10.49272 59.90778)
281,Bryn senter,59.90364,10.82152,POINT (10.82152 59.90364)
282,Rema Ryensvingen,59.892336,10.805119,POINT (10.805119 59.892336)
283,Haraløkka parkeringsplass,59.88061,10.85663,POINT (10.85663 59.88061)
284,Circle K Abildsø,59.87918,10.819441,POINT (10.819441 59.87918)
285,Tangen senter,59.85642,10.66013,POINT (10.66013 59.85642)
286,Senter Syd Mortensrud,59.84891,10.82835,POINT (10.82835 59.84891)
287,Åkrafjordtunet,59.80374,6.21347,POINT (6.21347 59.80374)
288,Håndverkshuset Oppegård AS,59.79429,10.82207,POINT (10.82207 59.79429)
289,Extra Ankertunet,59.78501,10.48542,POINT (10.48542 59.78501)
290,Kiwi Lerberg,59.77866,9.91707,POINT (9.91707 59.77866)
291,Buskerud Bilsenter,59.76819,10.25949,POINT (10.25949 59.76819)
292,BEE - Langhus næringseiendom,59.75465,10.82978,POINT (10.82978 59.75465)
293,Obs Bygg Mjøndalen,59.74864,10.02674,POINT (10.02674 59.74864)
294,Røykenbadet,59.74188,10.39151,POINT (10.39151 59.74188)
295,Extra Nesset,59.73047,10.73524,POINT (10.73524 59.73047)
296,Circle K Rundtom,59.729633,10.224058,POINT (10.224058 59.729633)
297,Kjeppestadveien,59.71312,10.85515,POINT (10.85515 59.71312)
298,Sauda,59.65109,6.35235,POINT (6.35235 59.65109)
299,Klokkarstua,59.62009,10.46941,POINT (10.46941 59.62009)
300,Eventyrfabrikken Vestby,59.61922,10.74038,POINT (10.74038 59.61922)
301,Shell Notodden,59.567415,9.213688,POINT (9.213688 59.567415)
302,O. H. Holtas gate 32,59.56612,9.26118,POINT (9.26118 59.56612)
303,Ramberghjørnet,59.56495,9.26736,POINT (9.26736 59.56495)
304,Extra Sveio,59.54355,5.35502,POINT (5.35502 59.54355)
305,Tofte Bensin og Service AS,59.54175,10.55708,POINT (10.55708 59.54175)
306,Hof Skole,59.53807,10.07634,POINT (10.07634 59.53807)
307,Knapphus bensinstasjon,59.53021,5.68768,POINT (5.68768 59.53021)
308,YX 7-eleven Sonsveien,59.51562,10.72793,POINT (10.72793 59.51562)
309,Burger King Horten,59.40789,10.48563,POINT (10.48563 59.40789)
310,Extra Avaldsnes,59.35582,5.27871,POINT (5.27871 59.35582)
311,Shell Kjelleveien,59.27928,10.40098,POINT (10.40098 59.27928)
312,Hovedkontor Europris,59.25669,11.00245,POINT (11.00245 59.25669)
313,Grønn Kontakt Østfoldhallene,59.25058,10.99272,POINT (10.99272 59.25058)
314,Dahles Auto Råbekken,59.24127,10.97708,POINT (10.97708 59.24127)
315,Produksjonsveien,59.23934,10.98591,POINT (10.98591 59.23934)
316,Torvbyen senter,59.21492,10.94055,POINT (10.94055 59.21492)
317,Extra Gråtenmoen,59.18636,9.61225,POINT (9.61225 59.18636)
318,Extra Finnøy,59.17178,5.87645,POINT (5.87645 59.17178)
319,Glenneveien,59.12671,11.36815,POINT (11.36815 59.12671)
320,COOP extra Halden,59.12268,11.39227,POINT (11.39227 59.12268)
321,"Vassbotn Grillene Nord, Larvik",59.07367,9.91353,POINT (9.91353 59.07367)
322,"Rådhuset Skjærhalden, Hvaler",59.02824,11.03127,POINT (11.03127 59.02824)
323,Hundvåg Rema 1000,58.99329,5.72939,POINT (5.72939 58.99329)
324,YX Tananger,58.93551,5.58579,POINT (5.58579 58.93551)
325,Møller Bil Forus,58.88732,5.7123,POINT (5.7123 58.88732)
326,Kiwi Lundehagen,58.83008,5.72654,POINT (5.72654 58.83008)
327,YX Brokelandsheia,58.82104,9.07732,POINT (9.07732 58.82104)
328,Ljosland Skisenter,58.78306,7.33252,POINT (7.33252 58.78306)
329,"Infogo/Hatteland Elektriske, Kleppe",58.78008,5.62276,POINT (5.62276 58.78008)
330,Circle K Ålgård,58.77161,5.847608,POINT (5.847608 58.77161)
331,Extra Ålgård,58.76967,5.85686,POINT (5.85686 58.76967)
332,Rådhuset i Time,58.73631,5.65156,POINT (5.65156 58.73631)
333,Risør Kommunehus,58.71835,9.21214,POINT (9.21214 58.71835)
334,Frolandssenteret,58.50803,8.62977,POINT (8.62977 58.50803)
335,"Kiwi Stoa Øst, Arendal",58.46816,8.72101,POINT (8.72101 58.46816)
336,OBS Arendal,58.46437,8.70981,POINT (8.70981 58.46437)
337,YX Soknadal,58.34341,6.28138,POINT (6.28138 58.34341)
338,"Vinkelbygget, Dahlske VGS",58.33808,8.58142,POINT (8.58142 58.33808)
339,Tollbukaia Flekkefjord Sentrum,58.294173,6.660833,POINT (6.660833 58.294173)
340,Langbrygga,58.24647,8.37919,POINT (8.37919 58.24647)
341,Obs Bygg Sørlandsparken,58.18854,8.15498,POINT (8.15498 58.18854)
342,McDonalds Sørlandsparken,58.17845,8.13453,POINT (8.13453 58.17845)
343,Obs Sørlandssenteret,58.17774,8.12642,POINT (8.12642 58.17774)
344,TP Torvet Kristiansand,58.14715,7.99687,POINT (7.99687 58.14715)
345,Slettheiveien 45,58.13668,7.93725,POINT (7.93725 58.13668)
346,Stamsøyveien 2,58.13405,7.03889,POINT (7.03889 58.13405)
347,Vågsbygd Videregående skole,58.12563,7.95485,POINT (7.95485 58.12563)
348,Amfi Vågsbygd,58.12415,7.95395,POINT (7.95395 58.12415)
349,Bryggegata 10,58.02582,7.45172,POINT (7.45172 58.02582)
350,Syrstadeng bil AS,63.093577,9.598497,POINT (9.598497 63.093577)
351,IONITY Elverum,60.88007,11.55093,POINT (11.55093 60.88007)
352,IONITY Røldal,59.832465,6.813151,POINT (6.813151 59.832465)
353,IONITY Høydalsmo,59.49497,8.2027,POINT (8.2027 59.49497)
354,IONITY Lura,58.873054,5.7206,POINT (5.7206 58.873054)
355,Extra Porsgrunn,59.1393306278071,9.65446226091285,POINT (9.65446226091285 59.1393306278071)
356,Burger King Grelland Nordgående,59.5146420105174,10.2035013726705,POINT (10.2035013726705 59.5146420105174)
357,Burger King Grelland Sørgående,59.5136567965356,10.2029024422529,POINT (10.2029024422529 59.5136567965356)
358,Coop Extra Tangvall,58.0984247090946,7.81604208204431,POINT (7.81604208204431 58.0984247090946)
359,IONITY Vik,60.083312,10.287055,POINT (10.287055 60.083312)
360,Borgundvegen,62.4665622156925,6.35159822911726,POINT (6.35159822911726 62.4665622156925)
361,Circle K Økern,59.9273890044086,10.8105093663315,POINT (10.8105093663315 59.9273890044086)
362,Finnmarkseiendommen (FEFO) hovedkontor,70.05104,24.96965,POINT (24.96965 70.05104)
363,Extra ABC Namsos,64.46801,11.50828,POINT (11.50828 64.46801)
364,Krokstadøra,63.40045,9.50253,POINT (9.50253 63.40045)
365,Rindal,63.05529,9.21239,POINT (9.21239 63.05529)
366,Circle K Brattvåg,62.58501,6.45163,POINT (6.45163 62.58501)
367,Extra Digernes,62.49271,6.60697,POINT (6.60697 62.49271)
368,Kiwi Klokkersund,62.466767827464906,6.246670075818429,POINT (6.246670075818429 62.466767827464906)
369,Kiwi Sjusjøen,61.15232,10.69057,POINT (10.69057 61.15232)
370,Rema 1000 Gol,60.701748,8.961616,POINT (8.961616 60.701748)
371,Frikvarteret,59.02148,6.92675,POINT (6.92675 59.02148)
372,Amfi Havnesenteret,65.47296,12.20712,POINT (12.20712 65.47296)
373,Circle K Hommelstø,65.40361,12.54725,POINT (12.54725 65.40361)
374,Domus Røros,62.57613,11.38022,POINT (11.38022 62.57613)
375,Rema 1000 Røros,62.57459,11.39597,POINT (11.39597 62.57459)
376,Extra Fetsund,59.92811,11.16421,POINT (11.16421 59.92811)
377,Coop Marked Trofors,65.53696,13.38759,POINT (13.38759 65.53696)
378,Majavatn,65.16748,13.36988,POINT (13.36988 65.16748)
379,NAF Mofjæra,63.73784,11.28169,POINT (11.28169 63.73784)
380,Extra Stjørdal,63.467581860169645,10.942828561071453,POINT (10.942828561071453 63.467581860169645)
381,Smølasenteret,63.46089,8.01051,POINT (8.01051 63.46089)
382,Kiwi Heidal,61.75889,9.28585,POINT (9.28585 61.75889)
383,Krokstrand Cafe og Overnatting,66.46263,15.09289,POINT (15.09289 66.46263)
384,Coop Prix Storforshei,66.40434,14.52831,POINT (14.52831 66.40434)
385,Circle K Namsskogan,64.93368,13.16657,POINT (13.16657 64.93368)
386,Circle K Harran,64.55928,12.48518,POINT (12.48518 64.55928)
387,Snåsakroa,64.25328,12.21518,POINT (12.21518 64.25328)
388,"Magneten, Levanger",63.73403,11.28225,POINT (11.28225 63.73403)
389,Coop Prix Tingvoll,62.90934,8.20767,POINT (8.20767 62.90934)
390,Sunndalsporten,62.54921,9.11493,POINT (9.11493 62.54921)
391,Joker Folldal,62.13476,9.99351,POINT (9.99351 62.13476)
392,Circle K Rygge,59.3865614656138,10.7519781589508,POINT (10.7519781589508 59.3865614656138)
393,Fortum hurtigladestasjon Meny Helgeroa,58.98795844318089,9.873829999999998,POINT (9.873829999999998 58.98795844318089)
394,Kobbelv Vershus,67.58005,15.89228,POINT (15.89228 67.58005)
395,Shell Fauske,67.25916,15.39072,POINT (15.39072 67.25916)
396,Røkland Senter,66.98046,15.31501,POINT (15.31501 66.98046)
397,Sandnessjøen,66.02311,12.63676,POINT (12.63676 66.02311)
398,Hattfjelldal,65.5958322495826,13.989154824417255,POINT (13.989154824417255 65.5958322495826)
399,"Coop Marked, Batnfjord",62.89366,7.67994,POINT (7.67994 62.89366)
400,Coop Marked Lesjaverk,62.19331,8.53645,POINT (8.53645 62.19331)
401,Circle K Vågå,61.87715,9.09854,POINT (9.09854 61.87715)
402,Coop Prix Byrkjelo,61.73343,6.50643,POINT (6.50643 61.73343)
403,Circle K Innlandsporten,60.63119,11.30237,POINT (11.30237 60.63119)
404,Ingeniørvesenet Dalaneveien 39/41,58.16479,7.94901,POINT (7.94901 58.16479)
405,Amfi Sogningen,61.2321658,7.1036529,POINT (7.1036529 61.2321658)
406,Shell 7-eleven Vestby,59.6023023,10.742786,POINT (10.742786 59.6023023)
407,Shell 7-Eleven Løten,60.82215,11.33716,POINT (11.33716 60.82215)
408,Grønn Kontakt at ABB Billingstad,59.8694544401555,10.4847219621439,POINT (10.4847219621439 59.8694544401555)
409,Circle K 123 Lavik,61.10321,5.51227,POINT (5.51227 61.10321)
410,Best Vinjeøra,63.20728,9.00501,POINT (9.00501 63.20728)
411,Vestnes,62.62333,7.09433,POINT (7.09433 62.62333)
412,Postgården Oppdal,62.59361,9.6936,POINT (9.6936 62.59361)
413,Circle K 123 Sande,61.32149,5.77771,POINT (5.77771 61.32149)
414,Kiwi Vingnes,61.10639,10.44391,POINT (10.44391 61.10639)
415,Grønn Kontakt hurtigladestasjon Circle K Ringdalskogen,59.11202,10.10847,POINT (10.10847 59.11202)
416,"Fortum hurtigladestasjon Arendal, Østre gate",58.46353,8.76249,POINT (8.76249 58.46353)
417,Coop Marked Kvikne,62.56601,10.32235,POINT (10.32235 62.56601)
418,Circle K Vinstra,61.59216,9.72421,POINT (9.72421 61.59216)
419,"Jekta Storsenter Vest, Tromsø",69.67447,18.92201,POINT (18.92201 69.67447)
420,Coop Domus Støren,63.04915,10.28375,POINT (10.28375 63.04915)
421,Shell Alvdal,62.11101,10.62728,POINT (10.62728 62.11101)
422,Hanestad Vertshus,61.83494,10.88532,POINT (10.88532 61.83494)
423,"Shell Koppang, Rendalen",61.58826,10.99561,POINT (10.99561 61.58826)
424,"Kiwi Trysilvegen, Elverum",60.89421,11.58147,POINT (11.58147 60.89421)
425,"Kiwi Fjeldset, Elverum",60.87424,11.57648,POINT (11.57648 60.87424)
426,Circle K Dal,60.25351,11.1834,POINT (11.1834 60.25351)
427,"Fortum hurtigladestasjon Kiwi Ågotnes, Fjell",60.4035768749674,5.01826286315918,POINT (5.01826286315918 60.4035768749674)
428,Eidsvoll Verk Nebbenes,60.312269,11.145104,POINT (11.145104 60.312269)
429,Shell Mørkved Bodø,67.28181,14.54913,POINT (14.54913 67.28181)
430,Esso Mosjøen,65.86314,13.19615,POINT (13.19615 65.86314)
431,Fortum hurtigladestasjon Rena Torggata 14,61.13244,11.36918,POINT (11.36918 61.13244)
432,Grønn Kontakt hurtigladestasjon Circle K Fjellhamar,59.93414,10.98535,POINT (10.98535 59.93414)
433,Circle K Fjellhamar,59.934200543807805,10.985576165908723,POINT (10.985576165908723 59.934200543807805)
434,McDonalds Gardermoen,60.1662601481615,11.1582042111083,POINT (11.1582042111083 60.1662601481615)
435,Pit Stop Handeland,58.220657564155005,7.013626432476912,POINT (7.013626432476912 58.220657564155005)
436,Fortum - Mosjøen sentrum ,65.8357654,13.190514600000029,POINT (13.190514600000029 65.8357654)
437,"Grønn Kontakt hurtigladestasjon Circle K, Hunstad",67.27982,14.53938,POINT (14.53938 67.27982)
438,Grønn Kontakt hurtigladestasjon Circle K Mosjøen,65.84142,13.20112,POINT (13.20112 65.84142)
439,Grønn Kontakt hurtigladestasjon Hemsedal,60.86205,8.55464,POINT (8.55464 60.86205)
440,Fortum hurtigladestasjon Europris Drøbak,59.67512,10.65996,POINT (10.65996 59.67512)
441,"Grønn Kontakt, Hurtigladestasjon Kjerlingland, Lillesand",58.23646,8.29901,POINT (8.29901 58.23646)
442,Aksdal Supercharger,59.4233186,5.44280430000003,POINT (5.44280430000003 59.4233186)
443,Sandane Supercharger,61.7775722,6.21388230000002,POINT (6.21388230000002 61.7775722)
444,Grønn Kontakt Lyngdal,58.1559787,7.1033516,POINT (7.1033516 58.1559787)
445,Fortum hurtigladestasjon COOP Obs Mo i Rana,66.30634,14.1479,POINT (14.1479 66.30634)
446,"Fortum hurtigladestasjon Shell Moholt, Trondheim",63.40878,10.44616,POINT (10.44616 63.40878)
447,Grønn Kontakt hurtigladestasjon Kinsarvik,60.37422,6.71461,POINT (6.71461 60.37422)
448,"Grønn Kontakt hurtigladestasjon Tysnes, Våge",60.0425,5.52324,POINT (5.52324 60.0425)
449,"Fortum hurtigladestasjon Shell 7Eleven Bekkelaget, Oslo",59.880144,10.773582,POINT (10.773582 59.880144)
450,"Fortum hurtigladestasjon Rema 1000, Kragerø",58.87147,9.37501,POINT (9.37501 58.87147)
451,Fortum Hurtigladestasjon Tøyen,59.9181936004248,10.7741117477417,POINT (10.7741117477417 59.9181936004248)
452,Fortum hurtigladestasjon Grong,64.46479,12.31639,POINT (12.31639 64.46479)
453,"Fortum hurtigladestasjon Grisen Storsenter, Tvedestrand",58.628792,8.916503,POINT (8.916503 58.628792)
454,Hvervenmoveien  2C,60.1459,10.25245,POINT (10.25245 60.1459)
455,Fortum hurtigladestasjon Kiwi Leira i Valdres,60.97006,9.29035,POINT (9.29035 60.97006)
456,"Fortum hurtigladestasjon McDonalds Grorud, Oslo",59.9496407651554,10.8855619815064,POINT (10.8855619815064 59.9496407651554)
457,Fortum hurtigladestasjon Shell Mortensrud,59.85012,10.83466,POINT (10.83466 59.85012)
458,Lufthavnveien 1,63.451904,10.917972,POINT (10.917972 63.451904)
459,Litleåsvegen 75,60.464958,5.343087,POINT (5.343087 60.464958)
460,Haraldrudveien 18,59.928043,10.824363,POINT (10.824363 59.928043)
461,Elverum Supercharger,60.8842556729891,11.540634071661,POINT (11.540634071661 60.8842556729891)
462,"eRoute 71, Høgskolen Evenstad, Koppang",61.42459998198174,11.080291190490684,POINT (11.080291190490684 61.42459998198174)
463,Lier South Supercharger,59.7660347,10.2574363,POINT (10.2574363 59.7660347)
464,Lier North Supercharger,59.770939,10.262024,POINT (10.262024 59.770939)
465,BKK Knarvik,60.5476112,5.289851999999996,POINT (5.289851999999996 60.5476112)
466,Haukås (Statoil),60.4844583287349,5.37631630897522,POINT (5.37631630897522 60.4844583287349)
467,Danmarksplass (BKK),60.3737625576434,5.34068048000336,POINT (5.34068048000336 60.3737625576434)
468,Fortum hurtigladestasjon Shell Espa,60.5617832258234,11.2560381145045,POINT (11.2560381145045 60.5617832258234)
469,McDonalds Porsgrunn,59.14914,9.66312,POINT (9.66312 59.14914)
470,Bygland Supercharger,58.83076,7.79664,POINT (7.79664 58.83076)
471,Fortum Kiwi Sønsterudveien,59.805457421679,10.8068504044195,POINT (10.8068504044195 59.805457421679)
472,Fortum hurtigladestasjon Kiwi Beitostølen,61.24296,8.92108,POINT (8.92108 61.24296)
473,Fortum hurtigladestasjon Kiwi Ytre Enebakk,59.72334,11.05696,POINT (11.05696 59.72334)
474,Fortum Kiwi Hagan,59.99853965542376,10.91838576435748,POINT (10.91838576435748 59.99853965542376)
475,Kiwi Råde,59.3522514,10.8641069,POINT (10.8641069 59.3522514)
476,Fortum hurtigladestasjon Kiwi Åfjord,63.9606,10.22553,POINT (10.22553 63.9606)
477,Fortum hurtiglader Kiwi Bogstad,59.96245,10.64369,POINT (10.64369 59.96245)
478,Kveldroveien,59.72606266887912,10.78349935219673,POINT (10.78349935219673 59.72606266887912)
479,AutoXL,59.171486,9.6167262,POINT (9.6167262 59.171486)
480,Kirketorget Moss,59.4343146279072,10.6616848970748,POINT (10.6616848970748 59.4343146279072)
481,"Oppdalsporten, Fagerhaug",62.65678,9.88175,POINT (9.88175 62.65678)
482,Bjorli,62.25889,8.20809,POINT (8.20809 62.25889)
483,Hjerkinn,62.22136,9.54442,POINT (9.54442 62.22136)
484,Lom,61.84119,8.57464,POINT (8.57464 61.84119)
485,Bryne Fortum hurtiglader,58.7781708,5.6259443,POINT (5.6259443 58.7781708)
486,Stjørdal Supercharger,63.46671,10.91795,POINT (10.91795 63.46671)
487,"Fortum hurtigladestasjon Møller, Lysaker, Oslo",59.91913,10.63322,POINT (10.63322 59.91913)
488,"Fortum hurtigladestasjon Kiwi Kirkekrysset,Nesoddtangen",59.80571,10.6887,POINT (10.6887 59.80571)
489,Fortum hurtigladestasjon Albjerk Bil,59.75464,10.26059,POINT (10.26059 59.75464)
490,"Fortum hurtigladestasjon Kiwi Melløs, Moss",59.42126,10.67585,POINT (10.67585 59.42126)
491,"Fortum hurtigladestasjon Kiwi Halmstad, Rygge",59.37925,10.75514,POINT (10.75514 59.37925)
492,McDonalds Mariero,58.93371,5.73981,POINT (5.73981 58.93371)
493,Ben’s Kafé og Motell,58.52665,6.12672,POINT (6.12672 58.52665)
494,Finnøy Judaberg Fortum Hurtiglader,59.164645527734,5.871741771698,POINT (5.871741771698 59.164645527734)
495,Førde hurtiglader GR,61.4478875,5.8850457,POINT (5.8850457 61.4478875)
496,Nordfjordeid Grønn kontakt,61.9095301007522,5.98485908652947,POINT (5.98485908652947 61.9095301007522)
497,Fortum hurtigladestasjon Kiwi Elverum,60.88317,11.56028,POINT (11.56028 60.88317)
498,"Grønn Kontakt hurtigladestasjon, Kristiansand",58.180847,7.932224,POINT (7.932224 58.180847)
499,"Witro Bil Hurtigladestasjon, Trondheim",63.39312,10.40225,POINT (10.40225 63.39312)
500,"Skei Hotel, Jølster",61.57234,6.48115,POINT (6.48115 61.57234)
501,"AutoCenteret Hurtigladestasjon, Bergen",60.46997464267415,5.338389182872807,POINT (5.338389182872807 60.46997464267415)
502,Circle K Minnesund,60.39071,11.21554,POINT (11.21554 60.39071)
503,"Coop Mega, Hønefoss",60.17776,10.26917,POINT (10.26917 60.17776)
504,"Fortum hurtigladestasjon Kiwi Bjerke, Oslo",59.9416499,10.809516900000062,POINT (10.809516900000062 59.9416499)
505,"Fortum - Birger N. Haug Hurtigladestasjon, Oslo",59.93085,10.824479999999994,POINT (10.824479999999994 59.93085)
506,"Circle K Økern Hurtigladestasjon, Oslo",59.92739106791902,10.810328338623084,POINT (10.810328338623084 59.92739106791902)
507,"Fortum Hurtigladestasjon Alnabru, Oslo",59.92387562804377,10.844078510589608,POINT (10.844078510589608 59.92387562804377)
508,"Fortum ladestasjon One Park Sentrum P-hus (Ibsen), Oslo",59.91571,10.74248,POINT (10.74248 59.91571)
509,"Grønn Kontakt Hurtigladestasjon, ABB Alnabru, Oslo",59.91501,10.825919999999996,POINT (10.825919999999996 59.91501)
510,Fortum Hurtigladestasjon Kiwi Åmot,59.89266,9.9241,POINT (9.9241 59.89266)
511,"Fortum Hurtigladestasjon, Sandvika",59.88974,10.52643,POINT (10.52643 59.88974)
512,"Fortum Hurtigladestasjon, Møller Bil Asker og Bærum, Billingstad",59.87635,10.501009999999953,POINT (10.501009999999953 59.87635)
513,"Fortum Hurtigladestasjon, Liertoppen",59.81098,10.30406,POINT (10.30406 59.81098)
514,"Fortum - Birger N. Haug Hurtigladestasjon, Follo",59.7201,10.79243,POINT (10.79243 59.7201)
515,Fortum hurtigladestasjon Kiwi Drøbak,59.66683,10.64622,POINT (10.64622 59.66683)
516,"Fortum Hurtigladestasjon, Vestby",59.62573,10.73286,POINT (10.73286 59.62573)
517,"Circle K Sekkelsten Hurtigladestasjon, Askim",59.57438,11.21659,POINT (11.21659 59.57438)
518,Nutheim Gjestgiveri,59.57056,8.54843,POINT (8.54843 59.57056)
519,"Grønn Kontakt, Hurtigladestasjon i Notodden",59.55938,9.2487,POINT (9.2487 59.55938)
520,Storebaug Vest,59.42474,10.70621,POINT (10.70621 59.42474)
521,Bavaria Haugesund,59.38251,5.3088,POINT (5.3088 59.38251)
522,Solli Supercharger,59.32416,10.9553,POINT (10.9553 59.32416)
523,"Fortum Flyplasskafeen, Tønsberg",59.3073,10.36138,POINT (10.36138 59.3073)
524,"Fortum INSPIRIA Science Center, Sarpsborg",59.29722,11.06195,POINT (11.06195 59.29722)
525,"Fortum Hurtigladestasjon, Sarpsborg",59.2750918881276,11.0850354232788,POINT (11.0850354232788 59.2750918881276)
526,"Fortum hurtigladestasjon McDonalds Råbekken, Fredrikstad",59.23735,10.9663,POINT (10.9663 59.23735)
527,Kiwi Moveien,59.14293,10.19971,POINT (10.19971 59.14293)
528,"Sønnico AS, Kristiansand",58.16586,8.03898,POINT (8.03898 58.16586)
529,"Fortum hurtigladestasjon Kiwi Lund, Kristiansand",58.15284,8.02465,POINT (8.02465 58.15284)
530,"Grønn Kontakt, Hurtigladestasjon i Mandal",58.0248222814116,7.45596170425415,POINT (7.45596170425415 58.0248222814116)
531,Kiwi Gudridflaten Os,60.20425,5.45332,POINT (5.45332 60.20425)
532,Circle K Telemarksporten,59.12182,9.70794,POINT (9.70794 59.12182)
533,Fortum Hurtigladestasjon Kiwi Svolvær,68.23259,14.53109,POINT (14.53109 68.23259)
534,Circle K Korgen,66.08153,13.82736,POINT (13.82736 66.08153)
535,Fortum hurtigladestasjon Kiwi Levanger,63.74909,11.30225,POINT (11.30225 63.74909)
536,"Fortum Hurtigladestasjon YX Gråmyra, Levanger",63.71749,11.22584,POINT (11.22584 63.71749)
537,Leinstrand - Klett Supercharger,63.32522,10.30523,POINT (10.30523 63.32522)
538,Røros Hotell,62.57954,11.37831,POINT (11.37831 62.57954)
539,Fortum hurtigladestsjon Kiwi Otta,61.7730452079862,9.53994793121343,POINT (9.53994793121343 61.7730452079862)
540,Romarheim,60.73974,5.63329,POINT (5.63329 60.73974)
541,Hallingdal Tingrett,60.56791,9.10149,POINT (9.10149 60.56791)
542,Kiwi Minnesund,60.40302,11.24261,POINT (11.24261 60.40302)
543,"Fortum hurtigladestasjon Kiwi Årland, Samnanger",60.40096,5.73074,POINT (5.73074 60.40096)
544,"Fortum hurtigladestasjon Kiwi Sønsterudveien, Oppegård",59.80563,10.80685,POINT (10.80685 59.80563)
545,Coop Extra Sunndalsøra,62.67385,8.56824,POINT (8.56824 62.67385)
546,Åndalsnes,62.55881000000096,7.682409999998754,POINT (7.682409999998754 62.55881000000096)
547,Kiwi Fjellbo,60.02443,11.06923,POINT (11.06923 60.02443)
548,Kiwi Kleivbrottet,59.47874,10.31606,POINT (10.31606 59.47874)
549,Kiwi Øyer,61.24387,10.43865,POINT (10.43865 61.24387)
550,Fortum hurtigladestasjon Kiwi Ottestad,60.77301,11.11571,POINT (11.11571 60.77301)
551,Setermoen Supercharger,68.8596,18.34769,POINT (18.34769 68.8596)
552,Vesterålen Bil Fortum Hurtigladerstasjon,68.70472,15.41195,POINT (15.41195 68.70472)
553,Tesla superladestasjon Hamarøy Hotel,67.96253,15.92924,POINT (15.92924 67.96253)
554,Storjord Supercharger,66.81404,15.4005,POINT (15.4005 66.81404)
555,Mosjøen Supercharger,65.83516,13.1914,POINT (13.1914 65.83516)
556,Grong Supercharger,64.464932,12.315369,POINT (12.315369 64.464932)
557,Steinkjer Bil Hurtigladestasjon,64.00914,11.4894,POINT (11.4894 64.00914)
558,"Fortum hurtigladestasjon Brekstad, Ørland",63.68496,9.66531,POINT (9.66531 63.68496)
559,Fortum hurtigladestasjon Meråker,63.41374,11.73943,POINT (11.73943 63.41374)
560,Orkanger,63.29745,9.85239,POINT (9.85239 63.29745)
561,"Valsøytunet, Halsa",63.14201,8.53254,POINT (8.53254 63.14201)
562,Aspøya Supercharger,63.0115,7.97571,POINT (7.97571 63.0115)
563,Amfi Surnadal,62.97002,8.71288,POINT (8.71288 62.97002)
564,Molde fergekai,62.7373,7.17019,POINT (7.17019 62.7373)
565,Extra Volda,62.17263,6.04338,POINT (6.04338 62.17263)
566,Alvdal Supercharger,62.11486,10.61639,POINT (10.61639 62.11486)
567,"Grønn Kontakt, Hurtigladestasjon i Sandane",61.7773444377927,6.21324062347412,POINT (6.21324062347412 61.7773444377927)
568,Ringebu skysstasjon,61.52934,10.14027,POINT (10.14027 61.52934)
569,"Best Jølstraholmen Hurtigladestasjon, Vassenden",61.48805,6.08102,POINT (6.08102 61.48805)
570,"Strandtorget Hurtigladestasjon, Lillehammer",61.11537,10.44906,POINT (10.44906 61.11537)
571,"Oppedal Hurtigladestasjon, Gulen",61.05457,5.50737,POINT (5.50737 61.05457)
572,"Grønn Kontakt, Hurtigladestasjon på Rudshøgda",60.90957,10.81549,POINT (10.81549 60.90957)
573,Grønn Kontakt Elverum Hurtigladestasjon,60.88233,11.5363,POINT (11.5363 60.88233)
574,Fortum hurtigladestasjon Brumunddal,60.88003,10.93102,POINT (10.93102 60.88003)
575,"Skogveien Auto Hurtigladestasjon, Hamar",60.8061,11.14853,POINT (11.14853 60.8061)
576,Grønn kontakt Gjøvik hurtigladestasjon,60.79553,10.69873,POINT (10.69873 60.79553)
577,"Grønn Kontakt, Hurtiglader på Geilo",60.53338833106655,8.205244723873202,POINT (8.205244723873202 60.53338833106655)
578,Kiwi Rødberg,60.26698,8.94735,POINT (8.94735 60.26698)
579,Kiwi Kløfta,60.07273,11.13572,POINT (11.13572 60.07273)
580,"Fortum Hurtigladestasjon, Møller Bil Romerike, Skjetten",59.97965,11.00361,POINT (11.00361 59.97965)
581,"Fortum - Birger N. Haug Hurtigladestasjon, Lillestrøm",59.9561,11.03461,POINT (11.03461 59.9561)
582,Vestby,59.62357,10.73852,POINT (10.73852 59.62357)
583,Vinje Supercharger,59.56987,7.99189,POINT (7.99189 59.56987)
584,"Sølvgarden hotell, Rysstad",59.09105,7.54048,POINT (7.54048 59.09105)
585,Sundebru Supercharger,58.820786,9.073735,POINT (9.073735 58.820786)
586,Gol Supercharger,60.702333,8.986,POINT (8.986 60.702333)
587,Dombås Supercharger,62.074928,9.128281,POINT (9.128281 62.074928)
588,Lyngdal Supercharger,58.15652,7.10296,POINT (7.10296 58.15652)
589,Aurland Supercharger,60.898649,7.210826,POINT (7.210826 60.898649)
590,Lillehammer Supercharger,61.130464,10.434918,POINT (10.434918 61.130464)
591,Fortum Hurtigladestasjon Værnes Lufthavn,63.451216,10.919549,POINT (10.919549 63.451216)
592,Maxi Storsenter,60.79857,11.04712,POINT (11.04712 60.79857)
