x,y,osmid,roadclass,isBridge,isTunnel,elevation,OD,CS,merged_nodes,geometry
10.733792828475945,59.9099938409782,794436,0,0,1,2.351,1,0,"[794436, 1393791, 1393835, 733912, 1619561, 1401590, 745141, 1393846, 794428, 735332, 759310, 744858, 734962, 734842, 1393763, 1619560]",POINT (10.733792828475945 59.9099938409782)
10.442083828225833,59.83406259981922,1394577,0,0,0,106.972,0,0,"[1394577, 1393791, 1393835, 1432666, 237506, 1401797, 1402061, 236907, 1393846, 236908, 1402079]",POINT (10.442083828225833 59.83406259981922)
10.234687975682515,59.7457426678224,1492778,0,0,0,11.51,1,0,"[1492778, 1432666, 237506, 237172, 1436424, 1163614, 1278778, 237238, 642988, 1148885, 1109996, 214349, 420950, 580003, 237274, 1436457]",POINT (10.234687975682515 59.7457426678224)
10.759877100303875,59.79589633216287,1613461,0,0,0,107.619,0,0,"[1613461, 733912, 346323, 346238, 1406120, 759310, 1613440, 734842, 1362029, 1361988]",POINT (10.759877100303875 59.79589633216287)
10.734618168505722,59.626620873206505,1405705,0,0,0,95.427,0,0,"[1405705, 1405400, 346238, 1361508, 1361404, 1405696, 1361402]",POINT (10.734618168505722 59.626620873206505)
10.699182091809186,59.44827757785207,1499351,0,0,0,39.863,0,0,"[1499351, 332525, 1498158, 1498322, 1537155, 1519541, 829200, 332475]",POINT (10.699182091809186 59.44827757785207)
10.80718214676536,59.36884484839275,1499032,0,0,0,47.157,0,0,"[1499032, 1475578, 1537155, 1519541]",POINT (10.80718214676536 59.36884484839275)
10.898961400871755,59.27109907092026,1512898,2,0,0,33.039,0,0,"[1512898, 1475578, 1500778, 1499891, 1513019, 1499937, 1512383]",POINT (10.898961400871755 59.27109907092026)
10.936591408356318,59.94130095996104,735703,0,0,0,179.692,0,0,"[735703, 1619561, 1362718, 745141, 1390254, 760335, 1406664, 735332, 759310, 744858, 1362734, 735716, 734962, 734842, 760343, 1619560]",POINT (10.936591408356318 59.94130095996104)
11.153398963468096,60.072273205875916,1363127,0,0,0,166.81,0,0,"[1363127, 1362718, 421394, 1406664, 1406760, 1406978, 1407325, 509818, 1391990, 1362734, 1363538, 1407003]",POINT (11.153398963468096 60.072273205875916)
11.42705767935978,60.15940340403051,487219,0,0,0,146.498,0,1,"[487219, 421394, 1354158, 155366, 509818]",POINT (11.42705767935978 60.15940340403051)
11.686848644422017,60.25943278004588,46132,0,0,0,135.247,0,0,"[46132, 155366, 326507, 189326, 38958]",POINT (11.686848644422017 60.25943278004588)
12.022995627777604,60.1885668950746,347040,0,0,0,148.814,1,0,"[347040, 326547, 163251]",POINT (12.022995627777604 60.1885668950746)
10.404682973072868,59.94175037755462,1337200,0,0,0,175.991,0,0,"[1337200, 1401797, 1034741, 1402061, 1393846, 1287617, 1287812, 1034754, 1402079]",POINT (10.404682973072868 59.94175037755462)
10.300885190531503,60.07425695556938,1263345,0,0,0,75.447,0,0,"[1263345, 1034741, 1303461, 1530777, 1550439, 1034754, 1293970]",POINT (10.300885190531503 60.07425695556938)
10.222288378505603,60.17573265703479,597464,0,0,0,138.139,1,0,"[597464, 1530777, 626614, 1550439, 1294558, 1294584, 274345, 1293970, 1046592]",POINT (10.222288378505603 60.17573265703479)
10.485721782242413,59.40832957049413,1543821,1,0,0,3.39,0,1,"[1543821, 816855, 849708, 933628, 880072, 1450554, 876641, 877032]",POINT (10.485721782242413 59.40832957049413)
10.363039638380764,59.30820689561095,452203,0,0,0,38.673,0,1,"[452203, 816855, 452314, 849708, 938513, 890661, 938540, 877032]",POINT (10.363039638380764 59.30820689561095)
10.223699625409605,59.20078439134862,1525053,0,0,0,73.775,0,0,"[1525053, 939247, 925778, 938540]",POINT (10.223699625409605 59.20078439134862)
10.134118405062106,59.121070155202325,1260431,0,0,0,67.579,0,0,"[1260431, 925778, 947942, 1260435]",POINT (10.134118405062106 59.121070155202325)
10.006456163339168,59.056550188650505,948003,0,0,0,43.215,0,0,"[948003, 834058, 947942, 833912, 948002, 1260435]",POINT (10.006456163339168 59.056550188650505)
9.697616248399342,59.109613684984566,952209,0,0,0,35.796,0,0,"[952209, 834058, 960264, 960231, 952963, 1447634, 904913, 884079, 783477, 630002, 952461, 951974, 960269, 860749, 960237]",POINT (9.697616248399342 59.109613684984566)
9.536541500417787,58.97930612234564,960522,0,0,0,133.304,0,0,"[960522, 960264, 891627, 960231, 960507, 1138548, 960269, 960508, 960237]",POINT (9.536541500417787 58.97930612234564)
9.36679337957098,58.87576880429008,1108728,3,0,0,34.466,0,1,"[1108728, 891627, 961502, 841152, 905822, 1807809, 1807725, 961883, 1807841, 905843, 1807768]",POINT (9.36679337957098 58.87576880429008)
9.099982589468569,58.8406809050877,778833,0,0,0,66.166,0,0,"[778833, 1807809, 1807725, 778814, 263583, 778658, 1807841, 1560361, 1807768]",POINT (9.099982589468569 58.8406809050877)
9.038838694405207,58.75541207427107,954272,0,0,0,123.02,0,0,"[954272, 632302, 263583, 1229618, 778658, 1560361]",POINT (9.038838694405207 58.75541207427107)
8.899939321162426,58.60327870239364,1164668,0,0,0,91.722,0,0,"[1164668, 632302, 1164627, 1166369, 1164565, 632337, 1164582]",POINT (8.899939321162426 58.60327870239364)
8.835517084070025,58.517883933392866,1166434,0,0,0,69.697,0,0,"[1166434, 1082168, 1166369, 1082087, 1164565, 1166393, 1164582]",POINT (8.835517084070025 58.517883933392866)
8.655264787993328,58.38152732389353,1280620,0,0,0,69.571,0,0,"[1280620, 1082087, 1082502, 1280594, 1059637, 1082531, 1036516]",POINT (8.655264787993328 58.38152732389353)
8.40123915997686,58.272473434646535,1062700,0,0,0,55.057,0,0,"[1062700, 1082502, 1062306, 1062368, 1062719, 1082531]",POINT (8.40123915997686 58.272473434646535)
8.127314992287166,58.18124453802783,1058640,0,0,0,85.406,0,1,"[1058640, 1062306, 1106996, 1112526, 1062368]",POINT (8.127314992287166 58.18124453802783)
9.946673431070503,59.75779076435344,1757353,0,0,0,9.622,0,0,"[1757353, 1436424, 1812330, 1812338, 642988, 1532418, 1534415, 1089377, 1291952, 601009, 662718, 1306931, 662534, 263646, 1306946, 1436457]",POINT (9.946673431070503 59.75779076435344)
9.782295476831635,59.70627843980577,1306725,0,0,0,160.426,0,0,"[1306725, 1812330, 1812338, 1616227, 459295, 294342, 601009, 662718, 1306931, 1307196, 662534, 263646, 1616161, 1306946, 1306733]",POINT (9.782295476831635 59.70627843980577)
9.525987851154536,59.63169091505147,626111,0,0,0,311.338,0,0,"[626111, 1616227, 753520, 459295, 1616161, 1295053]",POINT (9.525987851154536 59.63169091505147)
9.267446707263462,59.56277257822496,518670,0,0,0,63.227,1,0,"[518670, 753520, 1276144, 417666, 814201, 946718]",POINT (9.267446707263462 59.56277257822496)
9.065468618032723,59.59727656456977,809264,0,0,0,49.038,0,0,"[809264, 1276144, 417666, 947707, 755277, 946718, 805970]",POINT (9.065468618032723 59.59727656456977)
8.743770591581647,59.607242596810316,749668,0,0,0,192.59,0,0,"[749668, 947707, 946069, 755277]",POINT (8.743770591581647 59.607242596810316)
8.590941131202005,59.469673754377624,928340,0,0,0,192.929,0,0,"[928340, 946069, 949250, 740774, 382785, 808021, 501082, 948796, 936139]",POINT (8.590941131202005 59.469673754377624)
8.322055835169875,59.489852335289974,356477,0,0,0,585.768,0,0,"[356477, 949250, 749011, 748965, 936139, 786828]",POINT (8.322055835169875 59.489852335289974)
8.060402919829798,59.54112467660297,750019,0,0,0,638.268,0,0,"[750019, 749011, 519954, 520125, 755324, 748965, 965350, 786828]",POINT (8.060402919829798 59.54112467660297)
7.86784781430211,59.617299971116466,1566437,0,0,0,558.069,0,0,"[1566437, 519954, 520125, 884903, 884911]",POINT (7.86784781430211 59.617299971116466)
7.696642849072957,59.723783681109026,489545,0,0,0,555.047,0,0,"[489545, 884903, 764567, 510054, 950934, 1163905, 884911]",POINT (7.696642849072957 59.723783681109026)
7.411422925600666,59.76998716929949,830220,0,0,0,822.797,0,0,"[830220, 764567, 509096, 827244, 950934]",POINT (7.411422925600666 59.76998716929949)
7.107518055310146,59.85005795580012,1757829,0,0,0,1002.246,0,0,"[1757829, 1757833, 509173]",POINT (7.107518055310146 59.85005795580012)
6.926237366028022,59.85508968253361,1716024,0,0,0,965.101,0,0,"[1716024, 1718413, 1795432, 1757833]",POINT (6.926237366028022 59.85508968253361)
6.789410261494687,59.75329029375283,1660444,1,0,0,399.396,0,0,"[1660444, 1718413, 1795432, 1241416, 1753037, 1660465]",POINT (6.789410261494687 59.75329029375283)
6.775147766472363,59.61700817853115,1253882,1,1,0,120.536,0,0,"[1253882, 1241416, 1253674, 1253658, 1253869]",POINT (6.775147766472363 59.61700817853115)
6.551968848098883,59.50581612782522,1301310,1,0,0,102.875,0,0,"[1301310, 1253674, 1237664, 1253403, 1253658]",POINT (6.551968848098883 59.50581612782522)
6.270179597452902,59.47219960518662,1252461,1,0,0,131.208,0,0,"[1252461, 1237664, 1300817, 1301002, 1253403]",POINT (6.270179597452902 59.47219960518662)
6.253914297424724,59.32978450920134,1253061,1,0,0,49.367,0,0,"[1253061, 1300817, 1226820, 1253046]",POINT (6.253914297424724 59.32978450920134)
6.154323924598323,59.231005697293554,1300379,1,0,0,52.448,0,0,"[1300379, 1221221, 1255950, 1253046]",POINT (6.154323924598323 59.231005697293554)
6.245932138595864,59.131819080120444,1299765,1,0,0,95.808,0,0,"[1299765, 1221221, 1299759]",POINT (6.245932138595864 59.131819080120444)
6.081349224758257,59.084979998511685,451620,1,0,1,188.517,0,0,"[451620, 1221221, 1235242, 1295360]",POINT (6.081349224758257 59.084979998511685)
5.767703067552898,59.018176911737605,1295330,1,0,1,2.689,0,0,"[1295330, 1056333, 1267512, 783299, 1295360, 783308, 355489]",POINT (5.767703067552898 59.018176911737605)
8.859373760460187,58.74451794220551,279457,3,0,0,176.769,0,0,"[279457, 263583, 996688, 279418]",POINT (8.859373760460187 58.74451794220551)
8.637936417727644,58.687472956541804,623316,3,0,0,228.621,0,0,"[623316, 996688, 623899]",POINT (8.637936417727644 58.687472956541804)
8.421950210775634,58.72869308651428,268177,1,0,0,175.778,0,0,"[268177, 623899, 278105, 267565, 1270075, 1823233, 1270066]",POINT (8.421950210775634 58.72869308651428)
8.260846682688317,58.63186015431526,622916,3,0,0,218.262,0,0,"[622916, 278105, 1324562, 1109082, 1827121, 1270075, 1159576, 1270066, 1827265]",POINT (8.260846682688317 58.63186015431526)
8.02148781668743,58.579144318531604,1827783,3,0,0,334.444,0,0,"[1827783, 1324562, 1828308, 1827265]",POINT (8.02148781668743 58.579144318531604)
7.755110272072027,58.54639920171845,1279138,3,0,0,179.59,0,0,"[1279138, 1828308, 1558350, 1555533, 639436, 1558959]",POINT (7.755110272072027 58.54639920171845)
7.440877609688643,58.483492064703654,1123430,3,0,0,192.697,0,0,"[1123430, 1558350, 1087468, 1558360]",POINT (7.440877609688643 58.483492064703654)
7.162635672425765,58.496487187242,214991,3,0,0,229.555,0,0,"[214991, 1087468, 215317]",POINT (7.162635672425765 58.496487187242)
6.907392480457432,58.51622359782285,1093133,3,0,0,227.479,0,0,"[1093133, 215317, 215782, 1100355]",POINT (6.907392480457432 58.51622359782285)
6.735121181820974,58.54322625253501,460596,3,0,0,199.693,0,0,"[460596, 215782, 1251268, 1251007]",POINT (6.735121181820974 58.54322625253501)
6.630619778183344,58.66103684394553,215924,3,0,0,335.301,0,0,"[215924, 1251268, 1134068, 215954, 630210]",POINT (6.630619778183344 58.66103684394553)
6.317866780899977,58.58773349893198,1250349,3,0,1,268.807,0,0,"[1250349, 1615109, 942485, 1588978]",POINT (6.317866780899977 58.58773349893198)
6.166666803104279,58.54365739261926,1173779,3,0,0,113.482,0,0,"[1173779, 1615306, 1615721, 942485, 1254994, 1612352, 1588978, 1255043]",POINT (6.166666803104279 58.54365739261926)
6.0072361931605265,58.44179525968263,1250926,3,0,0,15.694,1,0,"[1250926, 1254994, 1255043]",POINT (6.0072361931605265 58.44179525968263)
6.661397009073949,59.88286522047728,1757237,0,0,0,688.603,0,0,"[1757237, 1753037, 1758056, 1800429, 1758062, 1795584]",POINT (6.661397009073949 59.88286522047728)
6.401834610667297,59.874164856033715,1795859,0,0,0,110.259,0,0,"[1795859, 1758056, 1796194, 1758062]",POINT (6.401834610667297 59.874164856033715)
6.214389395185816,59.80342054624562,1796290,0,0,0,55.366,0,1,"[1796290, 1796194, 1758190, 1758214, 1796294]",POINT (6.214389395185816 59.80342054624562)
6.009517651437524,59.68113111014805,1796588,0,0,0,61.188,0,0,"[1796588, 1758190, 1758251, 1630108, 1758214]",POINT (6.009517651437524 59.68113111014805)
5.741765020262329,59.596236300603536,356977,0,0,0,16.37,0,0,"[356977, 1758251, 357493]",POINT (5.741765020262329 59.596236300603536)
5.548978434751737,59.48815678039793,358507,0,0,0,56.895,0,0,"[358507, 357493, 356550, 369465, 1790391]",POINT (5.548978434751737 59.48815678039793)
5.274904889818147,59.41506190642743,358799,3,0,0,27.216,1,0,"[358799, 369465, 1750753, 1812154, 1198652]",POINT (5.274904889818147 59.41506190642743)
9.957347694413517,60.23108370047666,1063277,1,0,0,144.866,0,0,"[1063277, 626614, 1529010]",POINT (9.957347694413517 60.23108370047666)
9.674610026648068,60.31569839230757,628016,1,0,0,154.14,0,0,"[628016, 1529010, 628338, 1063803, 627910, 628352]",POINT (9.674610026648068 60.31569839230757)
9.479993464655127,60.41877794429991,629000,1,0,0,136.485,0,0,"[629000, 628338, 1063852, 628352]",POINT (9.479993464655127 60.41877794429991)
9.223078426415706,60.48151975221311,1064296,1,0,0,191.134,0,0,"[1064296, 1063852, 629027, 629149]",POINT (9.223078426415706 60.48151975221311)
9.114374686687766,60.56853826586369,1832624,1,0,0,151.53,1,0,"[1832624, 629027, 629149, 1832630, 1832634, 1832645, 629588, 1301711]",POINT (9.114374686687766 60.56853826586369)
8.985686035157764,60.70251555941314,630218,1,0,0,202.997,0,1,"[630218, 629588, 630342, 1300150, 1330551, 1096761, 1825660, 630376, 1316262, 1534476, 1548899]",POINT (8.985686035157764 60.70251555941314)
8.787191594268114,60.66794867343125,227045,1,0,0,297.709,0,0,"[227045, 1300150, 630974, 1330551, 631000, 1096761, 630376, 1316262, 1534476, 1548899]",POINT (8.787191594268114 60.66794867343125)
8.480103545943189,60.598574664439816,631488,1,0,0,448.308,0,0,"[631488, 630974, 631954, 631000]",POINT (8.480103545943189 60.598574664439816)
8.205037487770795,60.53294356012726,632383,1,0,0,775.824,0,1,"[632383, 631954, 632397, 227628, 251539, 632424, 1264271]",POINT (8.205037487770795 60.53294356012726)
7.898267869882554,60.50536957599831,633349,1,0,0,1031.598,0,0,"[633349, 227628, 228382, 228403, 633459]",POINT (7.898267869882554 60.50536957599831)
7.6985703535739605,60.4189895197702,228595,1,0,0,1173.65,0,0,"[228595, 228382, 1242755, 228403]",POINT (7.6985703535739605 60.4189895197702)
7.389493350415951,60.387959038075905,471754,1,0,0,994.391,0,0,"[471754, 1242755, 1688830, 1693486]",POINT (7.389493350415951 60.387959038075905)
7.210098793896831,60.4207348114868,1763120,1,0,1,422.487,0,0,"[1763120, 1688830, 1797595, 1314410, 1763127, 1693486]",POINT (7.210098793896831 60.4207348114868)
6.942379202438651,60.471823453050995,1763310,1,0,0,55.712,0,0,"[1763310, 1797595, 1746299, 1763466, 1763319, 1314410]",POINT (6.942379202438651 60.471823453050995)
6.722774649040936,60.37570778590561,1697934,1,0,0,4.699,0,0,"[1697934, 1746299, 1723406, 1801763]",POINT (6.722774649040936 60.37570778590561)
6.479905418803262,60.4411789238035,1722152,3,0,0,142.938,0,0,"[1722152, 1789878, 1583776, 1763686]",POINT (6.479905418803262 60.4411789238035)
6.229924388830484,60.3839617193902,346998,3,0,0,47.626,0,0,"[346998, 1789878, 1765893, 1059968]",POINT (6.229924388830484 60.3839617193902)
6.006989664222506,60.37461393910798,1712596,3,0,0,365.149,0,0,"[1712596, 1059968, 1799654, 1799665, 1712595]",POINT (6.006989664222506 60.37461393910798)
5.761487087234725,60.39733479507519,1799911,3,0,0,27.465,0,0,"[1799911, 1799654, 1800005, 1789996, 1789842, 1800073, 1799665]",POINT (5.761487087234725 60.39733479507519)
5.46068297574008,60.421518263012835,1761106,0,0,0,20.223,0,1,"[1761106, 1789996, 1847718, 1793213, 1761666, 1761914, 1761953, 1847538, 1847768, 1711984, 1278698, 1765436, 1761114, 1589939]",POINT (5.46068297574008 60.421518263012835)
10.88543932982256,60.07764546832092,492484,1,0,0,130.666,0,0,"[492484, 1390254, 1355311]",POINT (10.88543932982256 60.07764546832092)
10.697566332010716,60.212993142730284,264548,0,0,0,259.764,0,0,"[264548, 1355311, 264806, 273005]",POINT (10.697566332010716 60.212993142730284)
10.56674659076355,60.3716679477722,732070,1,0,0,233.169,0,0,"[732070, 264806, 647980, 731851, 244218]",POINT (10.56674659076355 60.3716679477722)
10.651990220348736,60.52275579524095,210723,1,0,0,404.961,0,0,"[210723, 647980, 264832, 158397, 244218]",POINT (10.651990220348736 60.52275579524095)
10.609884747238555,60.68492595809241,251243,1,0,0,340.939,0,0,"[251243, 264832, 252174, 158397]",POINT (10.609884747238555 60.68492595809241)
10.696799094425732,60.795677556748,267203,1,0,0,123.414,0,1,"[267203, 252174, 247917, 245152, 286450]",POINT (10.696799094425732 60.795677556748)
10.624690308902055,60.95522546854228,331508,0,0,0,130.604,0,0,"[331508, 247917, 331892, 962375, 96382, 962376, 331561, 245152, 283126]",POINT (10.624690308902055 60.95522546854228)
10.43684098601874,61.12737561219518,232792,0,1,0,142.669,1,0,"[232792, 232643, 1513686, 232612, 1513690]",POINT (10.43684098601874 61.12737561219518)
6.729422157601342,60.558100285282194,1116061,1,0,0,31.804,0,0,"[1116061, 1763466, 1719377, 1797887, 1116073]",POINT (6.729422157601342 60.558100285282194)
6.395745076153872,60.625874088218374,1823117,0,0,0,99.071,1,0,"[1823117, 1802814, 1791968, 1788705, 1802698, 1791946]",POINT (6.395745076153872 60.625874088218374)
8.705387519528387,60.797412937201905,771454,1,0,0,571.386,0,0,"[771454, 1293738, 1549241, 1548899]",POINT (8.705387519528387 60.797412937201905)
8.560599922891766,60.86190265926503,672610,1,0,0,620.747,1,0,"[672610, 1293738, 1549709, 407067, 621948]",POINT (8.560599922891766 60.86190265926503)
8.248850195749085,60.90004237327238,407721,1,0,0,929.647,0,0,"[407721, 407067, 408135]",POINT (8.248850195749085 60.90004237327238)
8.027239795825954,61.030649990956086,1687134,1,0,0,1008.34,0,0,"[1687134, 408135, 592052, 591994, 1687141, 408177, 941383]",POINT (8.027239795825954 61.030649990956086)
7.736101195407529,61.0517311811359,1660676,0,0,1,504.629,0,0,"[1660676, 592052, 1802794, 591994]",POINT (7.736101195407529 61.0517311811359)
7.5466328395994005,61.05294871807307,980627,0,0,0,112.686,0,0,"[980627, 1667444, 983223, 980749, 980716, 1802794, 1651290]",POINT (7.5466328395994005 61.05294871807307)
7.2520776271991245,61.18565873671875,983396,1,0,0,153.693,0,0,"[983396, 1668029, 1678870, 1678915, 983402]",POINT (7.2520776271991245 61.18565873671875)
7.000309797192912,61.28453110592995,1678938,1,0,0,404.361,0,0,"[1678938, 1668029, 1678870, 1678915, 1665467, 1668680, 1665399, 1684848, 1665491, 1678966]",POINT (7.000309797192912 61.28453110592995)
6.762546129152436,61.39322954394285,1679124,1,0,1,444.304,0,0,"[1679124, 1665467, 1655343, 1665491]",POINT (6.762546129152436 61.39322954394285)
6.718069018697456,61.48712773206511,1665576,1,0,1,912.654,0,0,"[1665576, 1655343]",POINT (6.718069018697456 61.48712773206511)
6.549159293224706,61.54190079492473,1758324,1,0,1,564.353,0,0,"[1758324, 1262940, 1242779, 1663376, 1262951, 324351]",POINT (6.549159293224706 61.54190079492473)
6.244052716002504,61.52894962797991,982293,0,0,0,218.37,0,0,"[982293, 1262940, 1663266, 1580023, 1262951]",POINT (6.244052716002504 61.52894962797991)
5.959860152114905,61.43644295220999,1662985,0,0,0,64.004,0,0,"[1662985, 1663266, 1580023, 1662666, 1662636, 1747783, 1655933, 1647614, 1662364, 1663249]",POINT (5.959860152114905 61.43644295220999)
6.548064632354983,60.063793531536874,1725418,1,0,0,22.936,1,0,"[1725418, 1800663, 1801200, 1768105, 1786348, 1681318]",POINT (6.548064632354983 60.063793531536874)
11.18161516343743,60.24496726743741,1451397,0,0,0,189.203,0,0,"[1451397, 1407325, 1547432, 1606061, 1378895, 1382793, 777880, 1363538, 1256026, 1547420, 1407374]",POINT (11.18161516343743 60.24496726743741)
11.238005390648594,60.4070708934097,1819002,0,0,0,134.422,0,0,"[1819002, 1547432, 1045990, 1547420, 1819018, 1819007]",POINT (11.238005390648594 60.4070708934097)
11.281695891645262,60.58577414471456,1536149,0,0,0,189.685,0,0,"[1536149, 241488, 27138, 241509, 1046009]",POINT (11.281695891645262 60.58577414471456)
11.289034863829196,60.72139997105538,157100,1,0,0,169.037,0,0,"[157100, 200273, 351419, 157143, 241509]",POINT (11.289034863829196 60.72139997105538)
11.288155418273039,60.81403336060002,342866,1,0,0,214.912,0,0,"[342866, 342965, 343305, 343479, 351419, 166854, 343375, 166855, 343012, 157143]",POINT (11.288155418273039 60.81403336060002)
11.537272393358052,60.88268322212163,1533628,1,0,0,188.701,0,1,"[1533628, 200701, 200752, 343479, 342104, 163142, 28476, 1533716, 192065, 343012, 343487]",POINT (11.537272393358052 60.88268322212163)
6.517242999522345,61.65604364292855,1663744,0,0,0,186.256,0,0,"[1663744, 1242779, 1663376, 1654341, 324351]",POINT (6.517242999522345 61.65604364292855)
6.314730737804904,61.755259718865375,982518,0,0,0,106.61,0,0,"[982518, 1654341, 1655657, 982550]",POINT (6.314730737804904 61.755259718865375)
6.033188049598976,61.890364001011406,1664490,0,0,1,708.854,0,0,"[1664490, 982851, 1664643, 1650228, 982890, 1684986, 1662053]",POINT (6.033188049598976 61.890364001011406)
6.379631496101304,61.92975287452652,1652566,0,0,0,71.369,0,0,"[1652566, 1650228, 1659734, 1652776, 1684986]",POINT (6.379631496101304 61.92975287452652)
6.621908441954581,61.997829496942536,1660051,3,0,0,296.758,0,0,"[1660051, 1659734, 1830729]",POINT (6.621908441954581 61.997829496942536)
6.892206264937868,62.104263958011934,327099,3,0,1,165.14,0,0,"[327099, 1830729, 654567, 936764]",POINT (6.892206264937868 62.104263958011934)
6.943024033172228,62.30894094082165,1831511,3,0,0,24.764,1,0,"[1831511, 1843368, 1842995, 1234794, 304708, 1843350]",POINT (6.943024033172228 62.30894094082165)
6.0409800959789335,62.02325969268978,942680,2,0,0,48.238,0,0,"[942680, 982890, 640136, 1218958]",POINT (6.0409800959789335 62.02325969268978)
6.044969093315646,62.171823982538676,1842852,0,0,0,73.712,0,1,"[1842852, 640136, 1587372, 295401, 1219774, 275695]",POINT (6.044969093315646 62.171823982538676)
6.084103686808975,62.30103778671543,298536,0,0,0,13.109,0,0,"[298536, 1219774, 1220113]",POINT (6.084103686808975 62.30103778671543)
6.235154726998502,62.357027388709916,943350,0,0,0,54.941,0,0,"[943350, 1220113]",POINT (6.235154726998502 62.357027388709916)
6.361322982064911,62.438954908663746,1220613,0,0,0,23.904,0,0,"[1220613, 943535, 1215610, 943685, 943634, 588255]",POINT (6.361322982064911 62.438954908663746)
6.161401121444928,62.47091210763843,1836098,0,0,0,2.528,1,0,"[1836098, 943535, 1215610]",POINT (6.161401121444928 62.47091210763843)
10.372998370636275,61.27861725556772,293531,0,0,0,169.481,0,0,"[293531, 1513686, 233194, 233199, 293532, 1513690]",POINT (10.372998370636275 61.27861725556772)
10.217369621939406,61.42622537227036,261145,0,0,0,192.118,0,0,"[261145, 233194, 142633, 261153, 233199]",POINT (10.217369621939406 61.42622537227036)
10.140259193656842,61.529522326502814,233769,0,0,0,194.149,0,1,"[233769, 142633, 1052884, 263134, 141795, 288641]",POINT (10.140259193656842 61.529522326502814)
9.757769822373884,61.583219829142124,1053296,0,0,0,243.156,0,0,"[1053296, 328043, 327985, 1052910]",POINT (9.757769822373884 61.583219829142124)
9.554555163879892,61.70182024222793,144779,0,0,0,308.661,0,0,"[144779, 328043, 235835, 245375, 235866, 235531, 327985, 301921]",POINT (9.554555163879892 61.70182024222793)
9.441107105810234,61.84653164071303,140682,0,0,0,328.719,0,0,"[140682, 235835, 236118, 138268, 135951, 245375, 236159, 235866]",POINT (9.441107105810234 61.84653164071303)
9.250414619715615,61.976579002758996,236552,0,0,0,464.086,0,0,"[236552, 236118, 249216, 236159]",POINT (9.250414619715615 61.976579002758996)
9.123687637872964,62.07131121890407,261690,0,0,0,642.35,1,0,"[261690, 129100, 241932, 244853, 236956, 261698, 241945, 261692, 261701, 236957]",POINT (9.123687637872964 62.07131121890407)
11.39698411763444,61.01256688023196,57481,1,0,0,213.95,0,0,"[57481, 358636, 192065, 358529]",POINT (11.39698411763444 61.01256688023196)
11.335493408309086,61.18366362987274,192275,1,0,0,246.331,0,0,"[192275, 192284, 358529]",POINT (11.335493408309086 61.18366362987274)
11.299513548403052,61.27359635562316,331022,1,0,0,234.377,0,0,"[331022, 108909, 331230, 192284]",POINT (11.299513548403052 61.27359635562316)
11.083873385395394,61.41829871628983,346740,1,0,0,270.203,0,0,"[346740, 192295, 76449, 158752, 293714]",POINT (11.083873385395394 61.41829871628983)
11.000553135813618,61.57947858271475,74841,1,0,0,298.091,0,0,"[74841, 76449, 72771, 159170, 158752]",POINT (11.000553135813618 61.57947858271475)
10.845917144102959,61.71264153030175,1277213,1,0,0,354.698,0,0,"[1277213, 72771, 72939, 1277226, 159170]",POINT (10.845917144102959 61.71264153030175)
10.885222992278152,61.83558969219463,159432,1,0,0,390.069,0,1,"[159432, 72939, 78162, 159457]",POINT (10.885222992278152 61.83558969219463)
10.87483348072249,61.99741735016045,86439,1,0,0,472.915,0,0,"[86439, 78162, 86362]",POINT (10.87483348072249 61.99741735016045)
10.626863874354008,62.11070302713583,329400,1,0,0,488.752,0,1,"[329400, 86362, 193762, 89426, 175137, 86177]",POINT (10.626863874354008 62.11070302713583)
10.640565368238914,62.2056041227834,160015,1,0,0,478.911,0,0,"[160015, 89426, 175137, 86177, 160023]",POINT (10.640565368238914 62.2056041227834)
10.73636987863307,62.28645652878015,193942,1,0,0,485.625,0,0,"[193942, 82058, 194249, 194299, 178871, 83717, 160023]",POINT (10.73636987863307 62.28645652878015)
10.971442107205744,62.3924759057192,75831,3,0,0,519.963,0,0,"[75831, 82058, 73649, 75888, 83717]",POINT (10.971442107205744 62.3924759057192)
11.217918892703262,62.49904009698156,207921,3,0,0,600.631,0,0,"[207921, 73649, 208224]",POINT (11.217918892703262 62.49904009698156)
11.38393273284974,62.56971388228006,604505,3,1,0,629.109,1,0,"[604505, 604413, 208224]",POINT (11.38393273284974 62.56971388228006)
8.791784217837058,62.12411394099447,118220,0,0,0,596.477,0,0,"[118220, 241932, 264047, 212321, 241945]",POINT (8.791784217837058 62.12411394099447)
8.53558219215742,62.19316416819966,213247,0,0,0,635.38,0,1,"[213247, 264047, 162104]",POINT (8.53558219215742 62.19316416819966)
8.206247024547412,62.2579431054704,956934,0,0,0,571.984,0,1,"[956934, 162104, 945876]",POINT (8.206247024547412 62.2579431054704)
7.997447391504449,62.415240744397735,1233018,0,0,0,166.611,0,0,"[1233018, 946033]",POINT (7.997447391504449 62.415240744397735)
7.82102664222215,62.462764883135,946172,0,0,0,69.193,0,0,"[946172, 1287563]",POINT (7.82102664222215 62.462764883135)
7.6856623108059585,62.55823007152966,1233297,0,0,0,9.232,0,1,"[1233297, 1287563, 296451, 1237043, 946295, 946296, 332960, 1237055, 1841395]",POINT (7.6856623108059585 62.55823007152966)
7.501046622987909,62.6543098005468,1841573,3,0,0,24.328,0,0,"[1841573, 1237043, 1841615, 1237055]",POINT (7.501046622987909 62.6543098005468)
7.381417301109379,62.73419046879383,1841989,3,0,0,36.163,0,0,"[1841989, 1221158, 1221826, 297815]",POINT (7.381417301109379 62.73419046879383)
7.5990785475469576,62.8449945959766,1222115,0,0,0,205.253,0,0,"[1222115, 1221826, 1222448, 331468, 294924, 297815]",POINT (7.5990785475469576 62.8449945959766)
7.770173007389422,62.96529732221286,1222862,0,0,0,1.508,0,0,"[1222862, 1222448, 1590138, 1159120, 1219548, 294924]",POINT (7.770173007389422 62.96529732221286)
7.814556190493459,63.10699021566828,1842326,1,0,0,8.322,1,0,"[1842326, 1590138]",POINT (7.814556190493459 63.10699021566828)
10.490688151472442,62.382565245962354,82574,1,0,0,729.595,0,0,"[82574, 194249, 82246, 194299]",POINT (10.490688151472442 62.382565245962354)
10.356630745385788,62.536118528184566,171916,1,0,0,588.435,0,0,"[171916, 82246, 81543, 195542]",POINT (10.356630745385788 62.536118528184566)
10.216270782842399,62.63914271471516,81162,1,0,0,536.157,0,0,"[81162, 81543, 583869, 160511, 195542]",POINT (10.216270782842399 62.63914271471516)
9.993493363572165,62.76111849130077,600642,0,0,0,384.513,0,0,"[600642, 583869, 600966, 545829, 583881, 601001]",POINT (9.993493363572165 62.76111849130077)
10.102873298603148,62.892874832462425,578266,0,0,0,399.82,0,0,"[578266, 600966, 660292, 530009, 601001]",POINT (10.102873298603148 62.892874832462425)
10.300080623909873,63.04522706113908,601315,0,0,0,68.088,0,0,"[601315, 660292, 601330, 601554, 584442, 601237]",POINT (10.300080623909873 63.04522706113908)
10.303499103530696,63.21078817813639,30143,0,0,0,18.855,0,0,"[30143, 601554, 621071, 29465, 375437]",POINT (10.303499103530696 63.21078817813639)
10.376575753705303,63.36490577435001,648987,0,0,0,136.571,0,0,"[648987, 621071, 621316, 673434, 623126, 673510, 601828]",POINT (10.376575753705303 63.36490577435001)
10.557991841861927,63.423070749767135,1528788,0,0,0,75.8,0,0,"[1528788, 621316, 622044, 623126, 579066, 601828]",POINT (10.557991841861927 63.423070749767135)
10.884656551196416,63.445444071499935,256026,0,0,0,14.437,0,0,"[256026, 622044, 627928, 559674, 256046]",POINT (10.884656551196416 63.445444071499935)
10.967687216228008,63.57040438584388,628231,0,0,0,98.977,0,0,"[628231, 627928, 1814472, 1814479, 559674]",POINT (10.967687216228008 63.57040438584388)
11.174599128810218,63.711405601253354,203573,0,0,0,24.861,0,0,"[203573, 1814472, 248205, 1814479]",POINT (11.174599128810218 63.711405601253354)
11.36720781854637,63.7458549805268,825817,0,0,0,63.346,0,0,"[825817, 629352, 629362, 541537, 248205]",POINT (11.36720781854637 63.7458549805268)
11.426125872977213,63.88878716991126,564227,0,0,0,69.223,0,0,"[564227, 629352, 831046, 629831, 629362]",POINT (11.426125872977213 63.88878716991126)
11.487835587281484,64.0418807398558,672830,0,0,0,69.238,0,0,"[672830, 831046, 635402, 561077, 635412, 362194, 630889]",POINT (11.487835587281484 64.0418807398558)
11.289057730180852,64.13727888651295,635829,3,0,0,40.316,0,0,"[635829, 635402, 602696, 635835, 635412]",POINT (11.289057730180852 64.13727888651295)
11.206290382893053,64.29691257405695,565071,3,0,0,3.005,0,0,"[565071, 602696, 543883, 636533, 565082]",POINT (11.206290382893053 64.29691257405695)
11.474306886000477,64.40796057779471,636819,3,0,0,53.703,0,0,"[636819, 543883, 501608, 636533]",POINT (11.474306886000477 64.40796057779471)
11.757480417685901,64.14636179393227,579630,0,0,0,66.265,0,0,"[579630, 561077, 631552, 631559, 560361, 630889]",POINT (11.757480417685901 64.14636179393227)
12.097878183840866,64.2313513570321,567291,0,0,0,158.45,0,0,"[567291, 631552, 567402, 568389, 631559]",POINT (12.097878183840866 64.2313513570321)
12.346468256314008,64.31157666507445,567618,0,0,0,158.983,0,0,"[567618, 567402, 632174, 568389]",POINT (12.346468256314008 64.31157666507445)
12.328849029310486,64.47983801818003,632344,0,0,0,49.568,0,0,"[632344, 632174, 632623, 582057, 1617144, 632183]",POINT (12.328849029310486 64.47983801818003)
12.485690539203016,64.55955828092455,1206644,0,0,0,88.563,0,1,"[1206644, 632623, 633026, 582428]",POINT (12.485690539203016 64.55955828092455)
12.740923210808566,64.68906103415571,633194,0,0,0,149.525,0,0,"[633194, 633026, 633090]",POINT (12.740923210808566 64.68906103415571)
12.865747415862504,64.76176406424261,633646,0,0,0,153.522,0,0,"[633646, 589991, 633678]",POINT (12.865747415862504 64.76176406424261)
13.077152094133766,64.909085366697,1533131,0,0,0,193.702,0,0,"[1533131, 589991, 634120, 634133]",POINT (13.077152094133766 64.909085366697)
13.255500172396536,65.01450535409751,584864,0,0,0,204.181,0,0,"[584864, 634120, 570450, 584696, 634133]",POINT (13.255500172396536 65.01450535409751)
13.374808558945455,65.1766030318369,1121452,0,0,0,351.649,0,0,"[1121452, 570450, 674008, 584696]",POINT (13.374808558945455 65.1766030318369)
13.37749238120552,65.33163840909017,674383,0,0,0,177.601,0,0,"[674383, 674008, 672571]",POINT (13.37749238120552 65.33163840909017)
13.408063225766234,65.50399194339582,1812590,0,0,0,139.877,0,0,"[1812590, 672571, 1812530]",POINT (13.408063225766234 65.50399194339582)
13.38243599281949,65.59601844295517,376004,0,0,0,50.603,0,0,"[376004, 1122393]",POINT (13.38243599281949 65.59601844295517)
13.279798813135514,65.73714127461857,1122526,0,0,0,74.0,0,0,"[1122526, 1122393, 473226, 383957]",POINT (13.279798813135514 65.73714127461857)
13.209826048675522,65.83733729349724,932344,0,0,0,5.723,0,1,"[932344, 473226, 658623, 932355]",POINT (13.209826048675522 65.83733729349724)
13.421358399481024,65.96023180582729,658802,0,0,0,37.212,0,0,"[658802, 658623, 658969, 658824]",POINT (13.421358399481024 65.96023180582729)
13.749913666524616,66.06665272597306,474129,0,0,1,309.519,0,0,"[474129, 474264, 474274, 474038]",POINT (13.749913666524616 66.06665272597306)
13.84145644099651,66.16522557292598,474672,0,0,0,10.675,0,0,"[474672, 474264, 1172873, 474274]",POINT (13.84145644099651 66.16522557292598)
14.026575564090074,66.27459920318513,475387,0,0,0,12.806,0,0,"[475387, 1172873, 1524328, 490692, 450473]",POINT (14.026575564090074 66.27459920318513)
14.314829383394034,66.35570865169957,690247,0,0,0,67.818,0,0,"[690247, 1524328, 490692, 1808622, 1808626, 690266, 450473]",POINT (14.314829383394034 66.35570865169957)
14.62589181099171,66.38742587799526,1600133,0,0,0,139.343,0,0,"[1600133, 1808622, 1600024, 1808626]",POINT (14.62589181099171 66.38742587799526)
14.824487476490367,66.44366720429298,355270,0,0,0,124.866,0,0,"[355270, 1172991, 355303, 1600024]",POINT (14.824487476490367 66.44366720429298)
15.127651738621482,66.45166817757855,467676,0,0,0,318.007,0,0,"[467676, 1172991, 348229]",POINT (15.127651738621482 66.45166817757855)
15.351420601655589,66.57708354736366,1123339,0,1,0,676.483,0,0,"[1123339, 348229, 1123344]",POINT (15.351420601655589 66.57708354736366)
15.408414744760236,66.66535935408494,404456,0,0,0,680.459,0,0,"[404456, 404474, 1123344]",POINT (15.408414744760236 66.66535935408494)
15.47669302475705,66.75490002449139,1123454,0,0,0,338.822,0,0,"[1123454, 476550, 404957, 404474]",POINT (15.47669302475705 66.75490002449139)
15.294883397499392,66.88773974203498,400882,0,0,0,74.811,0,0,"[400882, 476550, 476923, 404957]",POINT (15.294883397499392 66.88773974203498)
15.385427901083114,67.0577229893482,477116,0,0,0,1.637,0,0,"[477116, 476923, 1123582, 1120048, 477144, 476948]",POINT (15.385427901083114 67.0577229893482)
15.446970410126731,67.20326558362503,1124019,0,0,1,308.598,0,0,"[1124019, 1123582, 405488, 411589, 1240812, 1124038, 1120048, 406545]",POINT (15.446970410126731 67.20326558362503)
15.511435258122106,67.32901236024847,478377,0,0,0,55.819,0,0,"[478377, 405488, 998725, 411589, 1240812]",POINT (15.511435258122106 67.32901236024847)
15.562755363507593,67.42303670800565,424260,0,0,0,104.944,0,0,"[424260, 998725, 478398]",POINT (15.562755363507593 67.42303670800565)
15.741849857773806,67.5550022461934,478612,0,0,0,240.45,0,0,"[478612, 478398, 390712, 424773]",POINT (15.741849857773806 67.5550022461934)
15.920490233116507,67.64511231356728,425017,0,0,0,190.666,0,0,"[425017, 390712, 478752, 478795, 424773]",POINT (15.920490233116507 67.64511231356728)
15.949539685938438,67.79603535570766,1795488,0,0,0,198.532,0,0,"[1795488, 478752, 479077, 1795501, 478795]",POINT (15.949539685938438 67.79603535570766)
15.887298009693476,67.92522929872062,392720,0,0,0,2.003,0,0,"[392720, 479077, 1274008, 479349]",POINT (15.887298009693476 67.92522929872062)
16.011284786482218,68.01985747954345,479509,0,0,0,67.461,0,0,"[479509, 1274008, 425744, 993012, 479349, 479564]",POINT (16.011284786482218 68.01985747954345)
16.434148861876494,68.12673266075845,1118545,2,0,0,57.684,0,0,"[1118545, 993286, 1118555]",POINT (16.434148861876494 68.12673266075845)
16.600711846033114,68.23753563206884,436501,2,0,0,29.054,0,0,"[436501, 993286, 480499, 386634, 480982, 386021, 431854]",POINT (16.600711846033114 68.23753563206884)
16.82815809452178,68.33194773995392,398449,0,0,0,5.508,0,0,"[398449, 386634, 427195, 427283, 398458, 480982]",POINT (16.82815809452178 68.33194773995392)
17.21097808768496,68.37923802564967,481815,0,0,0,22.029,0,0,"[481815, 427195, 427857, 976784, 481835, 427283]",POINT (17.21097808768496 68.37923802564967)
17.430169013140535,68.43951691747108,380472,0,0,0,61.614,1,0,"[380472, 427857, 976784, 402451, 428985, 383483]",POINT (17.430169013140535 68.43951691747108)
15.93114715140356,68.15093835468511,394321,0,0,0,0.0,0,0,"[394321, 425744, 426123, 394534, 425804]",POINT (15.93114715140356 68.15093835468511)
15.912575380281242,68.45554133850011,972194,0,0,0,102.47,0,0,"[972194, 972605, 972629]",POINT (15.912575380281242 68.45554133850011)
15.779622290492004,68.56116465968746,1013052,1,0,0,37.109,0,0,"[1013052, 972605, 1013425, 1013455, 1013058, 972629]",POINT (15.779622290492004 68.56116465968746)
15.489227835448398,68.66471222476513,972821,1,0,0,29.784,0,0,"[972821, 1013425, 470365, 470442, 1037784, 1013455, 389973, 979680]",POINT (15.489227835448398 68.66471222476513)
15.531519021560143,68.79855797188053,423269,3,0,0,22.547,0,0,"[423269, 470365, 417093, 423677, 423286, 470442]",POINT (15.531519021560143 68.79855797188053)
15.613922659706477,68.88527007017474,470915,3,0,0,6.386,0,0,"[470915, 417093, 471192, 470970, 423677, 423286]",POINT (15.613922659706477 68.88527007017474)
15.811105391871891,69.01628902971072,424475,3,0,0,17.351,0,0,"[424475, 471192, 420756, 415837]",POINT (15.811105391871891 69.01628902971072)
16.087142431150376,69.16663826986958,416805,3,0,0,7.582,0,0,"[416805, 421691, 417329, 420770]",POINT (16.087142431150376 69.16663826986958)
16.050188669644648,69.29673125778598,471734,3,0,0,19.809,0,1,"[471734, 421691]",POINT (16.050188669644648 69.29673125778598)
17.13045716169367,69.370028435714,1147241,3,0,0,83.732,0,0,"[1147241, 924314, 1017019]",POINT (17.13045716169367 69.370028435714)
17.392999833935143,69.39028839744988,1000116,3,0,0,12.135,0,0,"[1000116, 924314, 1014227, 1014151, 1017019]",POINT (17.392999833935143 69.39028839744988)
17.333300477674097,69.48655671310877,1013955,3,0,0,29.74,0,0,"[1013955, 1014227, 1034088, 1013936, 1014151]",POINT (17.333300477674097 69.48655671310877)
17.69503771479995,69.47127857095022,1013767,3,0,0,112.361,0,0,"[1013767, 1014227, 1034088, 1013547]",POINT (17.69503771479995 69.47127857095022)
18.03117708535907,69.60784061419548,673183,3,0,0,1.158,0,1,"[673183, 908495, 945701]",POINT (18.03117708535907 69.60784061419548)
18.32138730630487,69.60997046062023,1012486,3,0,0,11.257,0,0,"[1012486, 908495, 1012211, 908282]",POINT (18.32138730630487 69.60997046062023)
18.739562450193468,69.68208935145917,904019,3,0,0,25.837,0,0,"[904019, 1012211, 1226535, 902842]",POINT (18.739562450193468 69.68208935145917)
17.596263936513964,68.58169057387546,977633,0,0,0,153.99,0,0,"[977633, 402451, 1024448, 1024476, 428985]",POINT (17.596263936513964 68.58169057387546)
17.912641291214122,68.67769358378513,1004588,0,0,0,347.753,0,0,"[1004588, 1024448, 909862, 1040350, 901187, 1024476]",POINT (17.912641291214122 68.67769358378513)
18.17798711828136,68.79318210197937,913304,0,0,0,95.005,0,0,"[913304, 909862, 1040747, 893706, 1040350]",POINT (18.17798711828136 68.79318210197937)
18.449296971705813,68.92353936589716,914390,0,0,0,61.775,0,0,"[914390, 1040747, 1017389, 1041080, 1017451, 1005025, 893706]",POINT (18.449296971705813 68.92353936589716)
18.69819940455763,69.01800173755662,906112,3,0,0,112.331,0,0,"[906112, 1017389, 1026585, 1041080, 906904, 1026640, 1017707, 1017451]",POINT (18.69819940455763 69.01800173755662)
19.128509512740827,68.99975768280214,906997,3,0,0,66.079,0,0,"[906997, 1026585, 921026, 1026640]",POINT (19.128509512740827 68.99975768280214)
19.445808169892352,69.05179865055423,1016438,3,0,0,153.922,0,0,"[1016438, 921026, 1018166]",POINT (19.445808169892352 69.05179865055423)
19.81381088619744,69.15787300093828,1015421,3,0,0,238.292,0,0,"[1015421, 1018166, 1029575, 1042063, 1018365, 1015358]",POINT (19.81381088619744 69.15787300093828)
19.939763457413616,69.3080418234275,1023769,3,0,0,4.29,0,0,"[1023769, 1029575, 1107358, 1107365, 1042063]",POINT (19.939763457413616 69.3080418234275)
20.158815697076292,69.44974972416173,1034676,3,0,0,13.512,0,0,"[1034676, 1107358, 1107666, 1034707, 1107365]",POINT (20.158815697076292 69.44974972416173)
20.466955922679055,69.6366321445794,679566,0,0,0,60.591,0,0,"[679566, 1024822]",POINT (20.466955922679055 69.6366321445794)
20.52629591048298,69.72585990590967,207535,0,0,0,10.528,0,0,"[207535, 1009236, 679727]",POINT (20.52629591048298 69.72585990590967)
20.869896533779425,69.8098650277356,1809046,0,0,1,447.307,0,0,"[1809046, 1009236, 894922, 1035103, 894804, 1009472]",POINT (20.869896533779425 69.8098650277356)
21.199571694391288,69.83414082681627,999186,0,0,0,13.638,0,0,"[999186, 1035103, 1032391, 1032400, 895926, 894804]",POINT (21.199571694391288 69.83414082681627)
21.500520340637582,69.8902025898515,1044431,0,0,0,266.28,0,0,"[1044431, 1032391, 1037005, 1044450, 1032400]",POINT (21.500520340637582 69.8902025898515)
21.933295162533767,69.84173221258663,908831,0,0,0,1.133,0,0,"[908831, 1037005, 1045046]",POINT (21.933295162533767 69.84173221258663)
22.051288785820965,69.9411553261786,909385,0,0,0,29.387,0,1,"[909385, 1045046, 1010205, 604461, 1045198]",POINT (22.051288785820965 69.9411553261786)
22.30136722107704,70.02339154361088,983071,0,0,0,0.631,0,0,"[983071, 1010205, 1092499, 1092506, 1009594, 604461]",POINT (22.30136722107704 70.02339154361088)
22.769601467788533,70.08908599465212,963886,0,0,0,56.279,0,0,"[963886, 1092499, 818752, 818808, 963836, 1092506]",POINT (22.769601467788533 70.08908599465212)
23.005403308583297,70.02535972238202,339384,0,0,0,43.08,0,0,"[339384, 818752, 1802595, 811500, 339389, 818808]",POINT (23.005403308583297 70.02535972238202)
23.17898004479712,69.94727581865229,1824928,0,0,0,43.956,0,0,"[1824928, 1802595, 985621, 979032, 971763, 982164, 971874, 811500]",POINT (23.17898004479712 69.94727581865229)
23.21755923489104,69.81026704220814,282608,0,0,0,96.179,0,0,"[282608, 985621, 1100398, 972052, 971763]",POINT (23.21755923489104 69.81026704220814)
23.440297193067195,69.64866631095944,972185,0,0,0,318.798,0,0,"[972185, 972331, 972192, 1035436]",POINT (23.440297193067195 69.64866631095944)
23.63902326412882,69.47995165356238,1100491,0,0,0,397.729,0,0,"[1100491, 1100514, 1100524, 972343]",POINT (23.63902326412882 69.47995165356238)
23.60132871912281,69.36799787058189,965246,0,0,0,311.288,0,0,"[965246, 1100514, 972541, 972475, 1100524]",POINT (23.60132871912281 69.36799787058189)
23.54369160522469,69.18788548745081,965151,0,0,0,329.338,0,0,"[965151, 971618, 972551, 965160]",POINT (23.54369160522469 69.18788548745081)
23.328515550457286,69.13521469468797,1100550,0,0,0,327.936,0,0,"[1100550, 972810, 964936]",POINT (23.328515550457286 69.13521469468797)
23.04194730757817,69.01402020083732,965926,0,0,0,331.441,1,0,"[965926, 972810]",POINT (23.04194730757817 69.01402020083732)
23.486928339807193,69.9893632799504,972696,0,0,0,0.436,0,0,"[972696, 979032, 967395, 982164, 972744]",POINT (23.486928339807193 69.9893632799504)
23.647760755456627,70.13486272261746,965937,0,0,0,305.889,0,0,"[965937, 967395, 987319]",POINT (23.647760755456627 70.13486272261746)
24.076357808649803,70.22258442785318,973037,0,0,0,286.997,0,0,"[973037, 987319, 987496, 987501, 987348]",POINT (24.076357808649803 70.22258442785318)
24.36597992066358,70.36060979949384,987800,0,0,0,159.109,0,0,"[987800, 987496, 973344, 1047626, 973432, 987501]",POINT (24.36597992066358 70.36060979949384)
24.271312595016767,70.45881210300477,973761,1,0,0,5.194,0,0,"[973761, 973344, 1082935, 1047626, 973432]",POINT (24.271312595016767 70.45881210300477)
23.849794697376105,70.51154549280058,1101130,1,0,0,15.869,0,0,"[1101130, 1082935, 1101422]",POINT (23.849794697376105 70.51154549280058)
23.670891232299034,70.65962659560992,963862,1,0,0,41.21,1,0,"[963862, 957787]",POINT (23.670891232299034 70.65962659560992)
23.790696837224782,69.24165066212454,971594,1,0,0,336.987,0,0,"[971594, 972541, 971618, 972551, 971532, 965160]",POINT (23.790696837224782 69.24165066212454)
23.952575813498278,69.33146964848142,971489,1,0,0,359.591,0,0,"[971489, 971453, 971532]",POINT (23.952575813498278 69.33146964848142)
24.191368734230537,69.3764521588226,971319,1,0,0,319.369,0,0,"[971319, 963678, 971309, 971453]",POINT (24.191368734230537 69.3764521588226)
24.681861766734862,69.40747011917183,971263,1,0,0,239.715,0,0,"[971263, 971185]",POINT (24.681861766734862 69.40747011917183)
25.14814133425391,69.43350612253523,971084,1,0,0,140.205,0,0,"[971084, 971185, 970851, 971180]",POINT (25.14814133425391 69.43350612253523)
25.51661407902116,69.47125253425398,964781,0,0,0,152.263,0,1,"[964781, 970851, 986720, 924469]",POINT (25.51661407902116 69.47125253425398)
25.857272198960622,69.51382075520073,990279,0,0,0,134.788,0,0,"[990279, 986720, 990350, 990286, 990211]",POINT (25.857272198960622 69.51382075520073)
25.91349720992236,69.66209494389166,975247,0,0,0,134.072,0,0,"[975247, 990350, 975295, 990360]",POINT (25.91349720992236 69.66209494389166)
26.08106781626579,69.73216590051328,990468,0,0,0,158.109,0,0,"[990468, 990472, 975295]",POINT (26.08106781626579 69.73216590051328)
26.2400545095223,69.81508777575765,990592,0,0,0,109.254,0,0,"[990592, 968232, 968163, 990472]",POINT (26.2400545095223 69.81508777575765)
26.56674235308071,69.95307041780829,990684,0,0,0,114.074,0,0,"[990684, 968257]",POINT (26.56674235308071 69.95307041780829)
26.847101979941304,69.95923608430209,990740,0,0,0,79.938,0,0,"[990740, 975411, 975423]",POINT (26.847101979941304 69.95923608430209)
27.29231881939327,69.96337878419159,990796,0,0,0,73.388,0,0,"[990796, 991030, 991036, 975423]",POINT (27.29231881939327 69.96337878419159)
27.60188161208045,70.07661506757435,975457,0,0,0,53.369,0,0,"[975457, 991030, 991245, 991036]",POINT (27.60188161208045 70.07661506757435)
28.074176213523724,70.08150816420779,967349,0,0,0,6.31,0,0,"[967349, 991245, 975638, 991456]",POINT (28.074176213523724 70.08150816420779)
28.261649002416984,70.1686403713068,1095954,0,0,0,95.996,0,0,"[1095954, 975638, 1096141, 1181284, 1819691, 1095966]",POINT (28.261649002416984 70.1686403713068)
28.55586688055397,70.17223054211814,975781,0,0,0,12.86,0,1,"[975781, 1096141, 1096237, 974330]",POINT (28.55586688055397 70.17223054211814)
28.83618121363605,70.07550144759124,1046101,0,0,0,10.385,0,0,"[1046101, 1096237, 970891]",POINT (28.83618121363605 70.07550144759124)
29.09834125500583,70.03949255605829,1097066,0,0,0,62.28,0,0,"[1097066, 1096667, 970778, 970891]",POINT (29.09834125500583 70.03949255605829)
29.334680156190217,69.88744484488221,1033036,0,0,0,64.872,0,0,"[1033036, 1096841, 1096811, 1096674]",POINT (29.334680156190217 69.88744484488221)
29.32222550334381,69.7155718573007,996372,0,0,0,87.365,0,0,"[996372, 1008343, 1096865]",POINT (29.32222550334381 69.7155718573007)
29.642049008288318,69.71163343782099,1008091,0,0,0,5.634,0,0,"[1008091, 1008343, 1094087, 1008082]",POINT (29.642049008288318 69.71163343782099)
30.04092813114915,69.72549762614992,1097984,0,0,0,19.979,1,0,"[1097984, 1094087, 969176]",POINT (30.04092813114915 69.72549762614992)
10.100694921052066,61.6481937649063,150723,3,0,0,898.744,0,0,"[150723, 263134, 150609, 263610, 288641]",POINT (10.100694921052066 61.6481937649063)
10.224006891187035,61.797185892430804,75715,3,0,0,778.031,0,0,"[75715, 150609, 60828, 61150]",POINT (10.224006891187035 61.797185892430804)
10.047436678931916,61.92523776631729,75167,3,0,0,708.545,0,0,"[75167, 60828, 173407, 82876]",POINT (10.047436678931916 61.92523776631729)
9.962813660624452,62.087182533783555,173678,3,0,0,800.0,0,0,"[173678, 173407, 205527, 77710, 175969, 82876]",POINT (9.962813660624452 62.087182533783555)
9.825036516318455,62.169793717782035,176234,3,0,0,749.276,0,0,"[176234, 205527, 74766, 77710, 127753]",POINT (9.825036516318455 62.169793717782035)
9.53486434751899,62.24360604006017,237320,0,0,0,1007.044,0,0,"[237320, 74766, 125524, 237215, 237219, 119243, 127753, 127614]",POINT (9.53486434751899 62.24360604006017)
9.621484877936641,62.326176393877965,577069,0,0,0,852.091,0,0,"[577069, 577162, 119243]",POINT (9.621484877936641 62.326176393877965)
9.589710278376014,62.49528426376437,577310,0,0,0,651.708,0,0,"[577310, 577162, 600253]",POINT (9.589710278376014 62.49528426376437)
9.56434476421085,62.615991142202404,571898,1,0,0,588.923,0,0,"[571898, 600253, 587630, 444252, 587647]",POINT (9.56434476421085 62.615991142202404)
9.237315898698553,62.58324298604705,570841,1,0,0,450.36,0,0,"[570841, 587630, 1842940, 587647]",POINT (9.237315898698553 62.58324298604705)
8.963495319419899,62.59368666755934,322582,1,0,0,168.585,0,0,"[322582, 1842940, 1228684]",POINT (8.963495319419899 62.59368666755934)
8.572396352700451,62.67126678295989,1210994,1,0,0,10.62,1,0,"[1210994, 1590323, 1843481, 951529, 333258, 951550]",POINT (8.572396352700451 62.67126678295989)
15.203862126374057,67.29607690368731,426353,1,0,0,3.745,0,0,"[426353, 405488, 411589, 1126577, 1240812, 1126595, 426504, 406545]",POINT (15.203862126374057 67.29607690368731)
14.833135161815038,67.29403427972393,391950,1,0,0,25.147,0,0,"[391950, 1126577, 394071, 1126595]",POINT (14.833135161815038 67.29403427972393)
14.548629939176328,67.28234420136937,492005,1,0,0,50.498,0,1,"[492005, 394071, 492118, 464278]",POINT (14.548629939176328 67.28234420136937)
7.993736992102466,59.44596061819328,785888,3,0,0,96.731,0,0,"[785888, 755324, 887279, 965350, 767736]",POINT (7.993736992102466 59.44596061819328)
7.8041538316225125,59.37878138715881,887480,3,0,0,819.384,0,0,"[887480, 887279, 887727]",POINT (7.8041538316225125 59.37878138715881)
7.499128523730123,59.33450527935712,1270672,3,0,0,843.505,0,0,"[1270672, 887727, 1146246, 1329587, 1171086, 276731, 276737, 237741]",POINT (7.499128523730123 59.33450527935712)
7.526800285861123,59.19544605721219,1159349,1,0,0,315.981,0,0,"[1159349, 1146246, 274157, 1329587]",POINT (7.526800285861123 59.19544605721219)
7.540296120572241,59.090989585975095,273763,1,0,0,254.435,0,1,"[273763, 274157, 272817, 273726]",POINT (7.540296120572241 59.090989585975095)
7.650170843512801,58.980397547337695,1070082,1,0,0,224.102,0,0,"[1070082, 272817, 271232, 1070074]",POINT (7.650170843512801 58.980397547337695)
7.794792273839887,58.830987071132974,940655,1,0,0,204.868,1,0,"[940655, 271232, 940599, 940631, 1150698, 271218, 940678]",POINT (7.794792273839887 58.830987071132974)
10.220553748575998,59.575886009584536,344649,3,0,0,7.001,0,0,"[344649, 1163614, 936847, 1162850, 1163083, 859046, 1148885, 891512, 891744, 1162851]",POINT (10.220553748575998 59.575886009584536)
10.084414662448044,59.5092032765453,868805,3,0,0,74.017,0,0,"[868805, 1163083, 894190, 891512, 613516, 891744, 885828, 868910]",POINT (10.084414662448044 59.5092032765453)
9.955790881917583,59.401345088493855,893963,3,0,0,58.165,0,1,"[893963, 894190, 844426, 893925]",POINT (9.955790881917583 59.401345088493855)
9.769919623631889,59.284727267546515,951596,3,0,0,223.701,0,0,"[951596, 844426, 481327, 893527]",POINT (9.769919623631889 59.284727267546515)
6.344923969729048,60.13451886317435,1786328,3,0,1,165.32,0,0,"[1786328, 1773710, 819747, 1774107]",POINT (6.344923969729048 60.13451886317435)
6.040852736181423,60.06745990312882,1716930,3,0,0,13.553,0,0,"[1716930, 1773710, 1711436, 1715461, 819747]",POINT (6.040852736181423 60.06745990312882)
5.899448512739233,60.1439780300852,1726151,3,0,0,40.609,0,0,"[1726151, 1711436, 1752775, 1752789, 1715461]",POINT (5.899448512739233 60.1439780300852)
5.738241199540065,60.23466847654727,1724813,3,0,0,37.099,0,0,"[1724813, 1752775, 1689094, 1752789]",POINT (5.738241199540065 60.23466847654727)
5.463598470518084,60.19292921803464,1753722,3,0,0,29.982,0,1,"[1753722, 1689094, 1753778, 1244037]",POINT (5.463598470518084 60.19292921803464)
5.360632012582651,60.2749831149132,1244123,0,0,1,121.872,0,0,"[1244123, 1753778, 1760995, 1244037, 1828058, 472364]",POINT (5.360632012582651 60.2749831149132)
10.388187720771576,60.222342188382605,1617560,0,0,0,203.978,0,0,"[1617560, 1550439, 294310, 1621356, 1294558, 1294584, 1621348, 1046592]",POINT (10.388187720771576 60.222342188382605)
9.591272614336466,59.735753484232795,246612,3,0,0,181.238,0,0,"[246612, 459295, 1240443, 1295053, 614866]",POINT (9.591272614336466 59.735753484232795)
9.453881640145854,59.85330530550146,247212,3,0,0,195.922,0,0,"[247212, 1240443, 615554]",POINT (9.453881640145854 59.85330530550146)
9.280703695146201,59.98345078281497,247717,3,0,0,214.926,0,0,"[247717, 615554, 616013]",POINT (9.280703695146201 59.98345078281497)
9.07122199919515,60.09339718740343,616516,3,0,0,303.623,0,0,"[616516, 616013, 248194]",POINT (9.07122199919515 60.09339718740343)
8.984674667140636,60.26233227114787,616905,3,0,0,332.466,0,0,"[616905, 248194, 617083, 617122]",POINT (8.984674667140636 60.26233227114787)
8.784591536780598,60.26606365316591,248951,3,0,0,483.769,0,0,"[248951, 617083, 617122, 249536]",POINT (8.784591536780598 60.26606365316591)
8.50422781406308,60.32846167907519,249980,3,0,0,1012.147,0,0,"[249980, 249536, 1263696]",POINT (8.50422781406308 60.32846167907519)
8.369236996918588,60.459071317015244,237223,3,0,0,802.816,0,0,"[237223, 1263696, 251539]",POINT (8.369236996918588 60.459071317015244)
9.838140641355894,62.64668812256595,577765,0,0,0,542.718,0,0,"[577765, 444252, 577898, 577905]",POINT (9.838140641355894 62.64668812256595)
11.093246461634672,59.32444055812945,1514307,3,0,0,49.677,0,0,"[1514307, 1499937, 1512383, 1501342]",POINT (11.093246461634672 59.32444055812945)
11.159728763169962,59.45798705146473,1514769,3,0,0,107.808,0,0,"[1514769, 1501342, 1515364]",POINT (11.159728763169962 59.45798705146473)
11.197925494658506,59.61701288262286,1481196,3,0,0,181.117,0,0,"[1481196, 1515364, 1486534]",POINT (11.197925494658506 59.61701288262286)
11.405350527617697,59.70362724888839,1380475,3,0,0,149.211,0,0,"[1380475, 1486534, 1392325]",POINT (11.405350527617697 59.70362724888839)
11.52161792487346,59.85000605362914,1380911,3,0,0,133.54,0,0,"[1380911, 1392325, 1352716]",POINT (11.52161792487346 59.85000605362914)
11.76236522198862,59.86049786650815,1352939,3,0,0,249.229,0,0,"[1352939, 1352716, 163533]",POINT (11.76236522198862 59.86049786650815)
12.000879270048982,59.939250955639736,45147,3,0,0,154.365,0,0,"[45147, 163533, 190975]",POINT (12.000879270048982 59.939250955639736)
12.10369616028143,60.072755906093235,190652,1,0,0,182.155,0,0,"[190652, 190975]",POINT (12.10369616028143 60.072755906093235)
6.048218627766021,58.64554515727661,359812,0,0,0,209.694,0,0,"[359812, 1615721, 360124]",POINT (6.048218627766021 58.64554515727661)
5.8566601170296275,58.76926385809603,360325,0,0,0,130.322,0,1,"[360325, 360124, 1267702, 1267730]",POINT (5.8566601170296275 58.76926385809603)
9.478258010098497,59.187647358683094,787061,1,0,0,59.427,0,0,"[787061, 952963, 630002, 809429]",POINT (9.478258010098497 59.187647358683094)
9.25330048445809,59.297293836578326,505392,1,0,0,77.153,0,0,"[505392, 809429, 954942]",POINT (9.25330048445809 59.297293836578326)
9.04440656559269,59.41613268868109,955480,1,0,0,113.223,0,0,"[955480, 954942, 764266]",POINT (9.04440656559269 59.41613268868109)
10.25500030183193,59.47910159896675,932993,0,0,1,179.031,0,0,"[932993, 936847, 933628, 1450554, 1163083, 891512, 937464, 885828]",POINT (10.25500030183193 59.47910159896675)
9.820849141115485,59.54669793153654,613853,3,0,0,76.752,0,0,"[613853, 613516, 246162]",POINT (9.820849141115485 59.54669793153654)
9.934366776516654,59.90228770568068,1062891,1,0,0,56.739,0,0,"[1062891, 1089377, 1277458, 348261, 1063294, 1291952]",POINT (9.934366776516654 59.90228770568068)
9.866197795762984,60.04051988424752,1551524,3,0,0,175.552,0,0,"[1551524, 1277458, 348261, 1551161, 451215, 425994, 1275929]",POINT (9.866197795762984 60.04051988424752)
9.677762837045758,60.17199167136517,627368,3,0,0,164.334,0,0,"[627368, 1551161, 1063803, 627388, 425994]",POINT (9.677762837045758 60.17199167136517)
7.809164759454095,58.63874498733487,1556327,1,0,0,199.105,0,0,"[1556327, 1828308, 641046, 639436, 641112, 1556333]",POINT (7.809164759454095 58.63874498733487)
10.91749641691013,60.25557087095621,1360672,0,1,0,292.775,0,0,"[1360672, 1378895, 273005, 1360665, 1382793]",POINT (10.91749641691013 60.25557087095621)
11.523792269549846,60.40053763514354,33684,3,0,0,141.471,0,0,"[33684, 38958, 164969]",POINT (11.523792269549846 60.40053763514354)
11.50872679261953,60.57194187306214,109296,3,0,0,255.803,0,0,"[109296, 164969, 27138]",POINT (11.50872679261953 60.57194187306214)
11.06288439116747,60.84095154321715,355581,0,0,0,161.923,0,0,"[355581, 357849, 166854, 166855]",POINT (11.06288439116747 60.84095154321715)
12.05971598285532,60.353400838066804,15122,1,0,0,170.703,0,0,"[15122, 163251, 992961]",POINT (12.05971598285532 60.353400838066804)
12.065856351430963,60.52157198049954,40898,1,0,0,160.0,0,0,"[40898, 992961, 51051]",POINT (12.065856351430963 60.52157198049954)
12.008447298579853,60.61298743561179,68908,1,0,0,184.24,0,1,"[68908, 51051, 236899]",POINT (12.008447298579853 60.61298743561179)
11.784242649243229,60.73224343148488,198845,1,0,0,190.646,0,0,"[198845, 236899, 162331]",POINT (11.784242649243229 60.73224343148488)
7.43590357619575,62.53773084485123,294485,0,0,0,15.857,0,0,"[294485, 1237043, 946295, 1233598, 1233599, 946614, 946296, 1237055]",POINT (7.43590357619575 62.53773084485123)
7.146146447076519,62.613332959522104,1853728,0,0,0,9.78,0,0,"[1853728, 1233598, 944164, 292913, 1853758, 1233599]",POINT (7.146146447076519 62.613332959522104)
6.917168024829468,62.520173162798976,943964,0,0,0,336.705,0,1,"[943964, 944164, 1227934, 1220794, 298995, 1227855]",POINT (6.917168024829468 62.520173162798976)
6.646281193585475,62.48248002312796,1164240,0,0,0,28.426,0,0,"[1164240, 1220794, 1220267]",POINT (6.646281193585475 62.48248002312796)
10.694652955829065,61.76826776900936,192932,3,0,0,418.147,0,0,"[192932, 72939, 193082, 1277226]",POINT (10.694652955829065 61.76826776900936)
10.010051871059183,59.60703378004697,892553,3,0,0,29.702,0,0,"[892553, 1162850, 662718, 891744, 662534, 1162851]",POINT (10.010051871059183 59.60703378004697)
8.51282070878726,59.35113202374387,968532,1,0,0,261.341,0,0,"[968532, 808021, 299057, 515720, 501082, 967926]",POINT (8.51282070878726 59.35113202374387)
8.506060865652444,59.20320830142112,761920,1,0,0,264.326,0,0,"[761920, 299057, 759825, 515493, 515720, 886652, 967488, 967926]",POINT (8.506060865652444 59.20320830142112)
8.50332225028447,59.04155340439781,759628,1,0,0,282.174,0,0,"[759628, 759825, 764786, 966061, 886652]",POINT (8.50332225028447 59.04155340439781)
8.570531328247121,58.8889978333845,288587,1,0,0,169.631,0,0,"[288587, 764786, 287856, 287848, 966061]",POINT (8.570531328247121 58.8889978333845)
6.620081976823929,60.23690758799687,1801530,1,0,0,32.974,0,0,"[1801530, 1801763, 1801200, 1801521]",POINT (6.620081976823929 60.23690758799687)
9.198505655290619,58.988097696652765,504123,3,0,0,71.34,0,0,"[504123, 961883, 514727]",POINT (9.198505655290619 58.988097696652765)
9.027215878898417,59.09329235047523,962669,3,0,0,98.33,0,0,"[962669, 514727, 796558]",POINT (9.027215878898417 59.09329235047523)
8.808809284380057,59.182046495831464,751810,3,0,0,148.232,0,0,"[751810, 796558, 515493]",POINT (8.808809284380057 59.182046495831464)
6.490003451249416,60.74159320214214,1788318,0,1,0,153.987,0,0,"[1788318, 1791968, 1698834, 1787937, 1720966, 688882, 1791946]",POINT (6.490003451249416 60.74159320214214)
6.4948757142785825,60.89322009368687,1721403,1,0,0,577.225,0,0,"[1721403, 1698834, 1681283, 1681315, 1802996, 1720966]",POINT (6.4948757142785825 60.89322009368687)
6.54490902826586,61.03727089574781,1681444,1,0,0,667.649,0,0,"[1681444, 1659740, 1668583, 1681315]",POINT (6.54490902826586 61.03727089574781)
6.6323735573947395,61.168416995967945,1681802,1,0,0,11.451,0,0,"[1681802, 1659740, 1669485, 1681977, 1668583, 1669440]",POINT (6.6323735573947395 61.168416995967945)
6.51669203270987,61.27470442896014,1682190,3,0,0,9.753,0,0,"[1682190, 1682581, 1682692, 1682697, 1642029, 1682212, 1681977]",POINT (6.51669203270987 61.27470442896014)
6.29794567226526,61.339261803001726,1645629,3,0,0,435.93,0,0,"[1645629, 1682692, 1669162, 1683038, 1645556, 1669168, 1668883, 1682697]",POINT (6.29794567226526 61.339261803001726)
6.169632400257792,61.41089509000023,1647058,3,0,0,144.238,0,0,"[1647058, 1663266, 1580023, 1669162, 1683038, 1647614, 1663249, 1683340, 1645556, 1669168]",POINT (6.169632400257792 61.41089509000023)
9.27726474538008,59.419725378203,977290,3,0,0,79.204,0,0,"[977290, 954942, 814201]",POINT (9.27726474538008 59.419725378203)
8.630930678001922,58.50800451335312,922696,3,0,0,72.112,0,1,"[922696, 1082168, 1082087, 923111, 1036516]",POINT (8.630930678001922 58.50800451335312)
8.436248312035445,58.60069576741624,931938,3,0,0,193.599,0,0,"[931938, 923111, 1109082, 1270075, 1159576, 1270066]",POINT (8.436248312035445 58.60069576741624)
5.697784689434063,58.90819536394791,974920,0,0,0,25.92,0,0,"[974920, 1056333, 1267702, 1267730, 1267512, 1055890, 355489]",POINT (5.697784689434063 58.90819536394791)
5.679592561605404,59.122555235224986,356179,0,0,0,8.683,0,0,"[356179, 783299, 356186, 783308]",POINT (5.679592561605404 59.122555235224986)
5.45808159495138,59.20118101284851,1816537,0,0,0,33.249,0,0,"[1816537, 1792384, 1816601]",POINT (5.45808159495138 59.20118101284851)
5.363736201338181,59.31436558252173,1589537,3,0,1,52.817,0,0,"[1589537, 1792384, 347398, 1198652]",POINT (5.363736201338181 59.31436558252173)
7.877905573446531,58.128665498716664,1177374,0,0,1,146.216,0,0,"[1177374, 1106996]",POINT (7.877905573446531 58.128665498716664)
7.71539788707062,58.10027342166902,362990,0,0,0,53.865,0,0,"[362990, 1169182]",POINT (7.71539788707062 58.10027342166902)
7.472101397650581,58.03026086214558,613164,0,0,0,2.898,0,0,"[613164, 1169182, 1083017]",POINT (7.472101397650581 58.03026086214558)
7.19744449554343,58.11462676471097,1250862,0,0,0,109.201,0,0,"[1250862, 1083017, 1075433]",POINT (7.19744449554343 58.11462676471097)
6.989987372639588,58.218327504525384,1108929,0,0,0,251.941,0,0,"[1108929, 1075433, 1111524]",POINT (6.989987372639588 58.218327504525384)
6.7035786927919565,58.28142224018071,1252948,0,0,0,71.496,0,0,"[1252948, 1111524, 1253314]",POINT (6.7035786927919565 58.28142224018071)
6.6226665204074,58.4059361512521,1184198,0,0,0,54.779,0,1,"[1184198, 1253314, 1614663]",POINT (6.6226665204074 58.4059361512521)
6.407586390409412,58.47264081469726,359194,0,0,0,180.233,0,0,"[359194, 1614663, 1615109]",POINT (6.407586390409412 58.47264081469726)
8.174478159931528,58.27173869333403,286285,1,0,0,33.005,0,0,"[286285, 1062306, 1112526, 1282409, 1062368]",POINT (8.174478159931528 58.27173869333403)
8.296607356111744,58.420132561740694,287126,1,0,0,90.305,0,0,"[287126, 1282409, 1261946]",POINT (8.296607356111744 58.420132561740694)
5.443418445249007,59.58818222697835,1622547,0,0,0,18.606,0,0,"[1622547, 1790391, 1632661, 1750885]",POINT (5.443418445249007 59.58818222697835)
5.437487219772264,59.72323789838401,1791356,0,0,1,2.104,0,0,"[1791356, 1632661, 1637244]",POINT (5.437487219772264 59.72323789838401)
5.522871198296072,59.866917462170456,1792058,0,0,0,64.532,0,0,"[1792058, 1637244, 1027458]",POINT (5.522871198296072 59.866917462170456)
5.351601175423404,59.961315672120456,1752128,0,0,0,58.428,0,1,"[1752128, 1027458]",POINT (5.351601175423404 59.961315672120456)
7.932455000426621,58.21918319404394,1118108,3,0,0,10.686,0,0,"[1118108, 1106996, 1112526, 1121819]",POINT (7.932455000426621 58.21918319404394)
7.813077398186331,58.336150298036436,1122276,1,0,0,226.675,0,0,"[1122276, 1121819, 1122650]",POINT (7.813077398186331 58.336150298036436)
7.407342550572255,59.43907882452971,1281106,1,0,0,696.893,0,0,"[1281106, 276731, 380296, 1281121, 276737]",POINT (7.407342550572255 59.43907882452971)
7.357248957678779,59.56103705835623,1279425,1,0,0,788.379,0,1,"[1279425, 380296, 1281827, 1279474]",POINT (7.357248957678779 59.56103705835623)
5.259641565010872,60.53781217482699,1602213,0,0,0,29.364,0,0,"[1602213, 1847718, 1761914, 1761953, 1847538, 1847768, 1793809, 1765436, 1589939]",POINT (5.259641565010872 60.53781217482699)
5.464670936047378,60.62072384098338,1794165,0,0,0,80.842,0,0,"[1794165, 1793809, 1794310]",POINT (5.464670936047378 60.62072384098338)
5.632821466334156,60.73988050549923,1753371,0,0,0,57.617,0,1,"[1753371, 1794310, 823989]",POINT (5.632821466334156 60.73988050549923)
5.537500065862362,60.88058761319391,1753445,0,0,0,231.169,0,0,"[1753445, 823989, 1661255]",POINT (5.537500065862362 60.88058761319391)
5.4886835333661725,61.03967289017495,981222,0,0,1,43.644,0,0,"[981222, 1342876]",POINT (5.4886835333661725 61.03967289017495)
5.624652976990608,61.14942563667518,981717,0,0,0,1.445,0,0,"[981717, 982115]",POINT (5.624652976990608 61.14942563667518)
5.827358950989724,61.272770086732585,1812043,0,0,1,230.163,0,0,"[1812043, 1653591]",POINT (5.827358950989724 61.272770086732585)
6.919891525542575,61.16148140510422,1755117,1,0,0,101.407,0,0,"[1755117, 1669485, 1668680, 1669440]",POINT (6.919891525542575 61.16148140510422)
9.103801597421118,60.80666251653284,253056,3,0,0,830.475,0,0,"[253056, 1825660, 184499, 253074]",POINT (9.103801597421118 60.80666251653284)
9.298138690408397,60.9346860209272,191570,3,0,0,532.506,0,0,"[191570, 184499, 197515, 263525, 184201, 238794, 186511, 238846, 294690]",POINT (9.298138690408397 60.9346860209272)
9.556158119804664,60.86398630021224,366683,3,0,0,759.051,0,0,"[366683, 263525, 291757, 366668, 184201]",POINT (9.556158119804664 60.86398630021224)
9.860762328732656,60.84202117134804,131096,3,0,0,213.042,0,0,"[131096, 291757, 181755, 291080]",POINT (9.860762328732656 60.84202117134804)
10.065971926535168,60.89349947270029,284642,3,0,0,396.569,0,0,"[284642, 181755, 300032, 258945, 291080, 284144]",POINT (10.065971926535168 60.89349947270029)
10.162527336887807,61.02076218949265,184790,3,0,0,810.453,0,0,"[184790, 300032, 205111, 258945, 172603, 284144]",POINT (10.162527336887807 61.02076218949265)
5.721557624687587,60.5381248398188,1748966,0,0,1,124.974,0,0,"[1748966, 1789842, 1789501]",POINT (5.721557624687587 60.5381248398188)
5.99575762451963,60.64588063816548,1789184,0,0,0,36.063,0,0,"[1789184, 1788918]",POINT (5.99575762451963 60.64588063816548)
10.338372609575885,60.89879615681353,283883,3,0,0,481.122,0,0,"[283883, 258945, 122481, 129370, 284144]",POINT (10.338372609575885 60.89879615681353)
10.900465128358066,60.885193372791896,357850,0,0,0,141.725,0,0,"[357850, 357849, 962375, 962376]",POINT (10.900465128358066 60.885193372791896)
7.259905922659837,61.34297539553006,1644196,3,0,0,267.114,0,0,"[1644196, 1684848, 1668348]",POINT (7.259905922659837 61.34297539553006)
7.435304605793427,61.40898437014469,1651942,3,0,0,11.534,0,0,"[1651942, 1668348, 1537780]",POINT (7.435304605793427 61.40898437014469)
7.68368112691163,61.48995616531429,1643038,3,0,0,33.059,0,0,"[1643038, 1537780, 1667769]",POINT (7.68368112691163 61.48995616531429)
7.873082612640776,61.54898069338407,1630870,3,0,0,1311.806,0,0,"[1630870, 1667769, 133178]",POINT (7.873082612640776 61.54898069338407)
8.100403170533582,61.645336009666046,130456,3,0,0,942.467,0,0,"[130456, 133178]",POINT (8.100403170533582 61.645336009666046)
8.266816106266345,61.69022633932294,297447,3,0,0,717.165,0,0,"[297447, 297032]",POINT (8.266816106266345 61.69022633932294)
8.501869720321299,61.81365451006025,254028,3,0,0,479.567,0,0,"[254028, 297032, 276040, 268513]",POINT (8.501869720321299 61.81365451006025)
8.753743749152196,61.85002181807016,125175,1,0,0,464.699,0,0,"[125175, 276040, 268513]",POINT (8.753743749152196 61.85002181807016)
8.946417638599682,61.84823571649572,105565,1,0,0,367.944,0,0,"[105565, 604651]",POINT (8.946417638599682 61.84823571649572)
10.160966355161083,62.147455471770954,139395,3,0,0,675.21,0,0,"[139395, 205527, 77710, 175274, 175969]",POINT (10.160966355161083 62.147455471770954)
7.170062283137099,62.737091534329,944766,0,0,0,0.809,0,1,"[944766, 1221158, 1221026]",POINT (7.170062283137099 62.737091534329)
7.974856458538479,63.01149829063571,1230964,0,0,0,14.891,0,1,"[1230964, 1590138, 1159120, 944936, 335071, 1219548]",POINT (7.974856458538479 63.01149829063571)
8.333637862419563,63.10671889152856,1232179,0,0,0,30.382,0,0,"[1232179, 1232550, 1231835]",POINT (8.333637862419563 63.10671889152856)
8.533205451838842,63.14158360087173,1232769,0,0,0,5.022,0,1,"[1232769, 1232550, 960488]",POINT (8.533205451838842 63.14158360087173)
8.800700460725214,63.187710784274756,587719,0,0,0,8.664,0,0,"[587719, 582990]",POINT (8.800700460725214 63.187710784274756)
9.004745327542839,63.207525386127706,602923,0,0,0,65.954,0,1,"[602923, 582990, 582886]",POINT (9.004745327542839 63.207525386127706)
9.384132313943486,63.22797267785098,582705,0,0,0,354.268,0,0,"[582705, 582886]",POINT (9.384132313943486 63.22797267785098)
9.589596722863524,63.25878044540742,1592173,0,0,0,296.423,0,0,"[1592173, 612545]",POINT (9.589596722863524 63.25878044540742)
9.854046602141674,63.2972355748625,255000,0,0,0,42.177,0,1,"[255000, 612545, 581850]",POINT (9.854046602141674 63.2972355748625)
10.197345767500806,63.31208476620547,581596,0,0,1,83.997,0,0,"[581596, 621071, 581850, 673434, 673510]",POINT (10.197345767500806 63.31208476620547)
7.8272556851281925,62.81093070621914,331917,3,0,0,53.237,0,0,"[331917, 331468, 332128]",POINT (7.8272556851281925 62.81093070621914)
8.064197779328415,62.77635007354415,332522,3,0,0,9.47,0,1,"[332522, 332128, 1839683]",POINT (8.064197779328415 62.77635007354415)
8.406105310966614,62.74055475504914,1840643,3,0,0,22.814,0,0,"[1840643, 951529, 951550]",POINT (8.406105310966614 62.74055475504914)
9.081387144695078,59.693197674085084,931072,3,0,0,189.539,0,0,"[931072, 805970, 961319]",POINT (9.081387144695078 59.693197674085084)
9.333372489436748,59.73323118621974,514305,3,0,0,451.293,0,0,"[514305, 961319, 1295053]",POINT (9.333372489436748 59.73323118621974)
7.4618629230626015,59.64537123016214,509782,1,1,0,912.308,0,0,"[509782, 1281827, 510054]",POINT (7.4618629230626015 59.64537123016214)
6.686629406981254,60.826783335524965,1695818,0,0,0,292.91,0,0,"[1695818, 1787937, 1661159, 1661134, 1787510]",POINT (6.686629406981254 60.826783335524965)
7.028021210332937,60.891402547943464,980897,0,0,1,1428.586,0,0,"[980897, 1660949, 981079]",POINT (7.028021210332937 60.891402547943464)
9.107945996101606,61.00437428412085,1567566,0,0,0,389.483,0,0,"[1567566, 238794, 239555, 1568457, 238846, 294891, 294690]",POINT (9.107945996101606 61.00437428412085)
8.963957280950574,61.10639373450696,239784,0,0,0,399.968,0,0,"[239784, 239555, 240255, 240264, 239790, 1568457, 194426, 204790]",POINT (8.963957280950574 61.10639373450696)
8.674541130164961,61.15422257700509,240580,0,0,0,482.445,0,0,"[240580, 240255, 198007, 196124, 240602, 240264]",POINT (8.674541130164961 61.15422257700509)
8.387404567388323,61.180274357753405,338561,0,0,1,508.825,0,0,"[338561, 198007, 1177333, 1177308, 1613691, 196124]",POINT (8.387404567388323 61.180274357753405)
8.07147170718949,61.17861263027136,341373,0,0,0,953.589,0,0,"[341373, 1177333, 941383, 341402, 1177308]",POINT (8.07147170718949 61.17861263027136)
7.2900974374202,60.9333794440916,980760,0,0,1,1304.533,0,0,"[980760, 981079, 1666867]",POINT (7.2900974374202 60.9333794440916)
10.528225306432695,60.28175302818981,294323,0,0,0,381.693,0,0,"[294323, 264806, 294310, 731851, 1621356, 1621348]",POINT (10.528225306432695 60.28175302818981)
7.42977162414939,61.14630415658294,983236,1,0,1,527.305,0,0,"[983236, 983223, 1651290]",POINT (7.42977162414939 61.14630415658294)
7.344598450281956,60.834667812560845,1686797,3,0,0,694.809,0,0,"[1686797, 1666867, 1641145]",POINT (7.344598450281956 60.834667812560845)
7.57215615802421,60.752876612128915,1634756,3,0,0,1109.816,0,0,"[1634756, 1641145, 1265930]",POINT (7.57215615802421 60.752876612128915)
7.851968164420579,60.7077155040029,252368,3,0,0,989.297,0,0,"[252368, 1265930, 215813]",POINT (7.851968164420579 60.7077155040029)
8.112059320020276,60.62070913765581,1264979,3,0,0,658.91,0,0,"[1264979, 215813, 1264271]",POINT (8.112059320020276 60.62070913765581)
8.511730911473366,62.83243396890265,333428,1,0,0,29.618,0,0,"[333428, 951529, 333692, 333437, 951550]",POINT (8.511730911473366 62.83243396890265)
8.221065831804971,62.858982939955574,350782,1,0,0,148.287,0,0,"[350782, 1839683, 333692, 334419, 334528]",POINT (8.221065831804971 62.858982939955574)
6.642555059709269,62.29562571294996,1160942,3,0,0,73.124,0,0,"[1160942, 1234794, 1234265]",POINT (6.642555059709269 62.29562571294996)
6.151920332415519,61.81052776166426,1664376,0,1,0,90.353,0,0,"[1664376, 1655657]",POINT (6.151920332415519 61.81052776166426)
9.298943790231545,61.75711549527649,148212,3,0,0,461.702,0,0,"[148212, 138268, 135951, 301921, 287398, 206447]",POINT (9.298943790231545 61.75711549527649)
9.02739813517086,61.66239168729968,275272,3,0,0,834.284,0,0,"[275272, 206447, 136632]",POINT (9.02739813517086 61.66239168729968)
8.856032291388013,61.51523734191464,296531,3,0,0,955.723,0,0,"[296531, 136632, 274792]",POINT (8.856032291388013 61.51523734191464)
8.812656655006041,61.34300382680388,274658,3,0,0,1185.85,0,0,"[274658, 202667]",POINT (8.812656655006041 61.34300382680388)
8.920035079846215,61.24242457880214,195459,3,0,0,848.695,0,1,"[195459, 202667, 194426]",POINT (8.920035079846215 61.24242457880214)
11.411394703441282,62.659506949624806,604003,3,0,0,637.479,0,0,"[604003, 604413, 586221]",POINT (11.411394703441282 62.659506949624806)
11.32538676746404,62.82561006900942,512379,3,0,0,434.053,0,0,"[512379, 586221, 603437]",POINT (11.32538676746404 62.82561006900942)
11.186968495917375,62.900395216303714,585747,3,0,0,277.343,0,0,"[585747, 603437, 526163]",POINT (11.186968495917375 62.900395216303714)
10.885422219083202,62.96971115589232,70317,3,0,0,224.517,0,0,"[70317, 526163, 530108]",POINT (10.885422219083202 62.96971115589232)
10.558006345560361,62.97459386282932,584830,3,0,0,204.92,0,0,"[584830, 530108, 584442]",POINT (10.558006345560361 62.97459386282932)
9.860969680590742,62.849065651484295,590166,3,0,0,237.781,0,0,"[590166, 600966, 601001, 514069]",POINT (9.860969680590742 62.849065651484295)
9.734760297336901,62.987459920790556,500796,3,0,0,168.388,0,0,"[500796, 514069, 590748]",POINT (9.734760297336901 62.987459920790556)
9.597977649771858,63.09365165838219,590505,3,0,0,121.191,0,1,"[590505, 590748, 1228990]",POINT (9.597977649771858 63.09365165838219)
9.229738433821147,63.09589370952599,1793848,3,0,0,195.716,0,0,"[1793848, 1228990, 1841278]",POINT (9.229738433821147 63.09589370952599)
9.04798594415409,63.01065084067116,1842417,3,0,0,40.901,0,0,"[1842417, 1841278]",POINT (9.04798594415409 63.01065084067116)
8.843981334339732,62.98723733347475,1842636,3,0,0,36.062,0,0,"[1842636, 1840812]",POINT (8.843981334339732 62.98723733347475)
8.622356813363115,63.024245029010515,1851975,3,0,0,79.043,0,0,"[1851975, 1840812, 1852183]",POINT (8.622356813363115 63.024245029010515)
10.335892235227217,62.19744462798372,74306,3,0,0,643.363,0,0,"[74306, 175274, 175137]",POINT (10.335892235227217 62.19744462798372)
11.693947660092741,64.48020949996962,554541,3,0,0,11.612,0,0,"[554541, 501608, 555167]",POINT (11.693947660092741 64.48020949996962)
12.036681469157438,64.47636719566572,613237,3,0,0,35.695,0,0,"[613237, 555167, 582057]",POINT (12.036681469157438 64.47636719566572)
18.577208046889886,69.1232255338375,1041265,0,0,0,18.931,0,0,"[1041265, 906904, 1005684]",POINT (18.577208046889886 69.1232255338375)
18.9821104311918,69.12147119405732,998564,0,0,0,241.105,0,0,"[998564, 1005684, 1041605]",POINT (18.9821104311918 69.12147119405732)
19.31579137308156,69.2277655993191,1006531,0,0,0,8.482,0,0,"[1006531, 1041605, 1016895, 1011718]",POINT (19.31579137308156 69.2277655993191)
19.37969701003003,69.35266019745524,1045221,0,0,0,64.098,0,0,"[1045221, 1011718, 1572026]",POINT (19.37969701003003 69.35266019745524)
19.251834638816945,69.50887423281563,1011905,0,0,0,30.714,0,0,"[1011905, 1572026, 920403, 1045665, 907342]",POINT (19.251834638816945 69.50887423281563)
18.937937754172143,69.59202950426972,1118608,0,0,0,1.758,0,0,"[1118608, 920403, 1017229, 1045665]",POINT (18.937937754172143 69.59202950426972)
15.663781534736984,68.08542861925736,469697,3,0,0,29.034,0,0,"[469697, 425744, 394534, 409819, 425804]",POINT (15.663781534736984 68.08542861925736)
15.356679454670939,68.0264992249194,410050,3,0,0,11.291,0,0,"[410050, 409819]",POINT (15.356679454670939 68.0264992249194)
14.401255079350559,68.214591950362,983298,0,0,0,18.811,0,0,"[983298, 413404, 982681, 983256]",POINT (14.401255079350559 68.214591950362)
14.157737630543789,68.26822114776137,983856,0,1,0,0.389,0,0,"[983856, 413404, 973426]",POINT (14.157737630543789 68.26822114776137)
13.832338025596947,68.26856246496554,973720,0,0,0,29.368,0,0,"[973720, 973426, 1117897]",POINT (13.832338025596947 68.26856246496554)
13.564576480908206,68.13443045667738,293942,0,0,0,4.956,0,0,"[293942, 1117897, 426471]",POINT (13.564576480908206 68.13443045667738)
13.310057815175764,68.07752756940356,974527,0,0,0,19.952,0,0,"[974527, 426471, 974804]",POINT (13.310057815175764 68.07752756940356)
13.172298873696816,67.99759698028747,974990,0,0,0,13.092,0,0,"[974990, 974804, 984591]",POINT (13.172298873696816 67.99759698028747)
19.44635001622613,69.63858208082029,907160,3,0,0,34.958,0,0,"[907160, 907342]",POINT (19.44635001622613 69.63858208082029)
19.8205032234766,69.65480503436414,1008680,3,0,0,5.592,0,0,"[1008680, 1019344]",POINT (19.8205032234766 69.65480503436414)
15.230737969190107,68.63784126739172,424900,3,0,0,40.301,0,0,"[424900, 979680, 981332]",POINT (15.230737969190107 68.63784126739172)
14.978372916051457,68.5541671318455,413112,3,0,0,14.821,0,0,"[413112, 981332, 414720]",POINT (14.978372916051457 68.5541671318455)
14.791248734548478,68.37691818060662,982587,0,0,0,21.155,0,0,"[982587, 973266]",POINT (14.791248734548478 68.37691818060662)
24.762030714434076,70.4608699493791,973572,0,0,0,186.546,0,0,[973572],POINT (24.762030714434076 70.4608699493791)
25.030592127727363,70.47072120586868,973673,0,0,0,82.944,0,0,"[973673, 974059]",POINT (25.030592127727363 70.47072120586868)
25.10414930228877,70.38161380319255,987955,0,0,0,12.564,0,0,"[987955, 974059, 974531]",POINT (25.10414930228877 70.38161380319255)
24.963714401250648,70.2381327991584,988264,0,0,0,21.953,0,0,"[988264, 974531, 988680]",POINT (24.963714401250648 70.2381327991584)
24.92951791455622,70.0628006452909,974905,0,0,0,3.826,0,0,"[974905, 975076, 975004]",POINT (24.92951791455622 70.0628006452909)
25.28288086420853,70.15906862089494,975169,3,0,0,30.03,0,0,"[975169, 975004, 975316]",POINT (25.28288086420853 70.15906862089494)
25.55178599064671,70.29958758446263,975503,3,0,0,37.679,0,0,"[975503, 975316, 975828]",POINT (25.55178599064671 70.29958758446263)
25.942950142138397,70.36398859030774,975936,3,0,0,153.11,0,0,"[975936, 975828]",POINT (25.942950142138397 70.36398859030774)
26.139194165036866,70.30253331768292,973638,3,0,0,171.618,0,0,"[973638, 973747]",POINT (26.139194165036866 70.30253331768292)
26.565130981516866,70.34170856279346,973930,3,0,0,169.008,0,0,"[973930, 973747, 980358, 1039429]",POINT (26.565130981516866 70.34170856279346)
26.85528555460236,70.44073730564357,1818925,3,0,0,138.426,0,0,"[1818925, 980358, 1039429, 1101824]",POINT (26.85528555460236 70.44073730564357)
27.33086343693628,70.44362164103686,832749,3,0,0,262.002,0,0,"[832749, 1101824, 947795]",POINT (27.33086343693628 70.44362164103686)
27.80045221095047,70.43862566618203,1101914,3,0,0,81.757,0,0,"[1101914, 947795, 995840, 326704]",POINT (27.80045221095047 70.43862566618203)
28.19107356742026,70.39350231881653,1007500,3,0,0,2.687,0,0,"[1007500, 326704]",POINT (28.19107356742026 70.39350231881653)
28.159624796253226,70.30426660022168,1594521,3,0,0,4.679,0,0,[1594521],POINT (28.159624796253226 70.30426660022168)
