source,target,length_m,length_km,geometry,trafficPoint_ID,gradient_per_meter,volume
203067,203338,4227.062994,4.227062994,"LINESTRING (11.101135541845837 63.668650098783296, 11.151803685511116 63.69931893645423)",37345V1742835,0.008720949,6437
225533,1804949,8602.295409,8.602295409,"LINESTRING (10.279030527523267 60.050952962361045, 10.324890746018992 59.97706397978698)",72438V180781,-0.024179825,11578
229327,1287001,7869.839437,7.869839437,"LINESTRING (11.271937586492612 60.702559900949026, 11.298462354754516 60.63298773348024)",91169V1801368,-0.001898387,12149
232649,232847,4687.452482,4.687452482,"LINESTRING (10.441589615197381 61.10436923438541, 10.415216340628987 61.144554610651)",87656V1060615,-0.005502349,14864
232847,232965,4963.772675,4.963772675,"LINESTRING (10.415216340628987 61.144554610651, 10.415799106721497 61.1891940060786)",84996V1060616,-0.001782515,8919
232965,293304,5647.656507,5.647656507,"LINESTRING (10.415799106721497 61.1891940060786, 10.437708589019334 61.23887676403181)",26139V1211205,-0.001690082,7547
233695,328981,7829.194272,7.829194272,"LINESTRING (10.147423822542166 61.52837296147307, 10.005712603848021 61.548284913218225)",77209V1060620,-0.007843208,4775
236965,1854846,13079.10772,13.07910772,"LINESTRING (9.128168302134789 62.071886315412286, 8.896900162278033 62.11793348390825)",74892V1059997,0.000903426,4136
120302,239563,11677.13068,11.67713068,"LINESTRING (9.247136023175235 60.984954725615886, 9.056247852569172 61.034643435747064)",45876V1060635,-0.002839567,3021
253044,990173,4920.409993,4.920409993,"LINESTRING (17.414697793593238 68.40607337751233, 17.45676198422443 68.44753270184225)",98841V885940,-0.00712969,8989
263259,343979,19222.74181,19.22274181,"LINESTRING (9.665678226395839 60.757321021346, 9.457926093013816 60.89742999806718)",38203V2433139,-0.014885754,1817
264384,733439,25195.89935,25.19589935,"LINESTRING (10.747482827404443 60.15233648924957, 10.946340912880771 59.94865008248658)",84967V625637,0.002362964,6713
264633,249770,6485.648245,6.485648245,"LINESTRING (10.680883876277063 60.248169857731085, 10.610866412138295 60.29503647484047)",58042V1060046,0.012894316,9286
278721,1306939,6684.432441,6.684432441,"LINESTRING (9.988049466434681 59.754556846224546, 9.86923728495378 59.7489377002652)",89755V180856,-0.003184264,15762
283367,293924,1957.121518,1.957121518,"LINESTRING (13.607178887358863 68.14224212428616, 13.565231112951903 68.1341302590444)",19425V885198,0.002714701,7192
293304,293574,6623.579052,6.623579052,"LINESTRING (10.437708589019334 61.23887676403181, 10.343650785423998 61.2776403026774)",45136V2237107,-0.005637134,6635
293574,293678,3609.018907,3.609018907,"LINESTRING (10.343650785423998 61.2776403026774, 10.305613385302312 61.30446534542221)",57449V2237119,-0.003579643,5601
293678,233289,17204.42784,17.20442784,"LINESTRING (10.305613385302312 61.30446534542221, 10.192088330034643 61.44931588413995)",81103V1059995,0.002830899,5336
293924,1854847,5969.365094,5.969365094,"LINESTRING (13.565231112951903 68.1341302590444, 13.44341094269305 68.1054782195722)",85320V885198,-0.000134185,1293
294257,1210066,8715.36886,8.71536886,"LINESTRING (11.255671577044753 60.56309845138863, 11.237593459770816 60.48522567532779)",57808V2282277,-0.003478109,11840
320750,943010,4074.142204,4.074142204,"LINESTRING (6.061330708056268 62.14641336174978, 6.079289544247725 62.18208048695495)",22331V248904,-0.015426069,8846
323285,1854825,14563.90333,14.56390333,"LINESTRING (20.281437561101775 69.37043240905946, 20.525027364221465 69.27166220276601)",47985V2491853,-0.034006062,506
323285,1854795,15428.45865,15.42845865,"LINESTRING (20.281437561101775 69.37043240905946, 20.353522012103674 69.50685467578417)",74376V2491855,-5.41E-05,1325
326002,332126,6791.804944,6.791804944,"LINESTRING (10.65499939159914 60.92912844311867, 10.581434685275983 60.97867751302972)",16184V1060614,-0.005467619,11315
328043,328308,6294.309687,6.294309687,"LINESTRING (9.674767595639848 61.6606673214788, 9.558961831760888 61.67421870340785)",88480V2562065,-0.014435419,2747
328308,235735,8149.693881,8.149693881,"LINESTRING (9.558961831760888 61.67421870340785, 9.555694768289518 61.74749430483938)",32268V1060625,0.004176108,4148
328559,1053393,6585.495483,6.585495483,"LINESTRING (9.845778361114656 61.570438940872435, 9.729158207664865 61.591106001967866)",93565V2411267,0.001023765,2818
329937,1703037,20102.03764,20.10203764,"LINESTRING (6.238298168777537 60.63689097993368, 5.87101848306044 60.621614300744476)",74461V805599,0.004664303,3945
331452,431864,2715.335849,2.715335849,"LINESTRING (17.558019563993618 68.54893555571269, 17.493215694364125 68.54306029173976)",14770V885184,-0.036563433,1998
331534,917559,12050.17779,12.05017779,"LINESTRING (17.558119141946488 68.55357524745362, 17.68924290655567 68.65081430606094)",39464V1126283,-0.014760363,1624
331992,232649,6506.363071,6.506363071,"LINESTRING (10.434165960787608 61.04596637231013, 10.441589615197381 61.10436923438541)",59018V1060615,-0.000622929,11850
332126,331992,10906.97021,10.90697021,"LINESTRING (10.581434685275983 60.97867751302972, 10.434165960787608 61.04596637231013)",04474V1060615,0.004194657,10013
338653,341391,18753.89563,18.75389563,"LINESTRING (8.42694243757241 61.16076303564081, 8.079245577100332 61.17904497770818)",48559V2741763,-0.026007077,489
343979,120302,14977.36935,14.97736935,"LINESTRING (9.457926093013816 60.89742999806718, 9.247136023175235 60.984954725615886)",96154V1060634,0.009650627,3774
344396,918793,5918.223597,5.918223597,"LINESTRING (10.418551548396097 59.73565787626339, 10.314269949976332 59.72729955011307)",39256V181280,0.014267457,10548
345153,345690,2729.239053,2.729239053,"LINESTRING (7.21736922097683 62.740711075632426, 7.267909332350908 62.74888080700154)",40330V249527,-0.005025577,12694
345690,1854797,15082.04867,15.08204867,"LINESTRING (7.267909332350908 62.74888080700154, 7.546122095000506 62.79572554987923)",99015V249528,0,4683
345756,960480,12194.52031,12.19452031,"LINESTRING (8.353433005144517 63.0879621626898, 8.561587407635585 63.14424476398649)",50903V249536,0.002331375,933
352537,677129,7335.517457,7.335517457,"LINESTRING (5.702037406940451 59.105578669215504, 5.588557581074579 59.136563221892985)",50233V320584,-0.000244836,4072
356032,355924,4648.322829,4.648322829,"LINESTRING (11.002724594893431 60.85327658066187, 10.93273513033326 60.87749220620337)",41542V705184,0.020252896,17367
356803,1790694,11379.68362,11.37968362,"LINESTRING (5.474275031280178 59.46249744338462, 5.416862484742675 59.560604343579364)",81157V319534,0.001611029,3216
356803,1714915,4187.462268,4.187462268,"LINESTRING (5.474275031280178 59.46249744338462, 5.459258662753564 59.425620573254285)",42954V320585,0.002406231,7645
356907,1244249,26781.02561,26.78102561,"LINESTRING (6.1022934664753095 58.52060286031392, 5.930622538021201 58.74426010393179)",95509V319514,-0.000669915,5632
358102,326002,8191.200447,8.191200447,"LINESTRING (10.803297314165896 60.91389928545407, 10.65499939159914 60.92912844311867)",53953V704480,0.012402211,13348
360832,974682,8685.674806,8.685674806,"LINESTRING (5.781669315278977 58.80069930508012, 5.718194382426881 58.87156927253416)",64040V320581,0.004149706,59316
363094,1169582,13266.96088,13.26696088,"LINESTRING (7.844741776371103 58.11742596891251, 7.623670547025358 58.093093941857255)",28020V121748,-0.001984629,7614
373466,1767627,5691.123311,5.691123311,"LINESTRING (5.379284810406431 59.422441091807244, 5.29857356377392 59.391908255859605)",39245V319652,-0.00074133,13877
424527,972167,2116.914677,2.116914677,"LINESTRING (23.350183966722614 69.97445679300615, 23.393652623954946 69.962593379559)",02250V930593,0.006577497,10941
429135,619605,10820.03059,10.82003059,"LINESTRING (13.40724102513997 65.53246824263054, 13.306102434108052 65.62033078644598)",19085V885118,-0.001089553,1530
429248,1095056,11528.09009,11.52809009,"LINESTRING (15.395441511883105 67.27166248252975, 15.576680920512333 67.34821769294518)",23265V885928,-0.004555221,3214
439557,931408,8828.154361,8.828154361,"LINESTRING (9.074651946369483 58.82068134996879, 9.037726022529313 58.74362911082902)",24748V22148,-0.002437542,17461
444183,1114288,23315.4313,23.3154313,"LINESTRING (9.687029077713676 62.59120709884341, 9.983459875847695 62.75072302790106)",62393V72804,0.006082324,4277
452992,579231,4312.877701,4.312877701,"LINESTRING (10.73360769532136 63.42153308734326, 10.810739758000278 63.40385023246349)",41111V72156,0.023110556,16733
473308,1502547,11385.03285,11.38503285,"LINESTRING (10.72737393651022 59.51618619661811, 10.701629320740722 59.414637021538624)",15322V971307,-4.83E-05,34673
474029,474067,2291.981985,2.291981985,"LINESTRING (13.56962913337724 66.05731950700097, 13.615049059973806 66.04810056269855)",72557V885913,-0.035954471,1497
475173,475424,5016.267585,5.016267585,"LINESTRING (13.977641648812755 66.25131123016584, 14.04815262605552 66.28638091150859)",55875V885917,-0.001694886,3148
475424,1494993,4107.036986,4.107036986,"LINESTRING (14.04815262605552 66.28638091150859, 14.128204494506445 66.30450592198204)",92079V1206412,-0.000989765,7141
475528,1357826,6712.541256,6.712541256,"LINESTRING (10.7462533090541 59.6626154221873, 10.740413964109557 59.602320311322735)",65271V443150,0.002411754,34371
476941,477134,9928.319974,9.928319974,"LINESTRING (15.315471744799822 66.97988516106591, 15.383599620259199 67.06511994335968)",62685V885925,0.001293673,1423
477134,1854802,9454.414452,9.454414452,"LINESTRING (15.383599620259199 67.06511994335968, 15.452635997195879 67.14579224357686)",98609V885926,0.000210589,1043
480059,480347,11095.49869,11.09549869,"LINESTRING (16.244583558475842 68.23208902276973, 16.472277930672465 68.28541268137887)",96529V885935,0.000839349,200
490719,368717,6658.80874,6.65880874,"LINESTRING (14.175436484606946 66.32369567563332, 14.315935445925003 66.34383117987619)",31475V885919,-0.010271657,3052
518394,1277008,2930.92063,2.93092063,"LINESTRING (9.710202487900066 59.1217787361298, 9.685113073397428 59.09878186899866)",14213V521376,-0.00143402,18557
518781,519032,5367.207387,5.367207387,"LINESTRING (9.259411614363295 59.55716650070255, 9.174190244358895 59.578766094791106)",35551V521381,0.000821656,7199
518987,1356899,4691.257809,4.691257809,"LINESTRING (10.83924359861153 59.83938729620402, 10.841024437405254 59.797207301875765)",68234V443152,-0.001324591,45223
519215,1854804,11974.37297,11.97437297,"LINESTRING (8.996353110130045 59.611128284053976, 8.78347443921047 59.61110597330354)",12510V521383,-0.001634491,2034
519657,519871,9520.12361,9.52012361,"LINESTRING (8.632771898426105 59.47890520954082, 8.48562768045577 59.43720360609427)",63287V521386,-0.028726728,2655
519871,356470,7629.903461,7.629903461,"LINESTRING (8.48562768045577 59.43720360609427, 8.37820817759636 59.478779621523486)",96715V521387,-0.013794146,1906
521003,734848,2544.897971,2.544897971,"LINESTRING (10.815406372527464 59.89906053059026, 10.822273786744049 59.87643452885278)",19702V625216,0.001495541,24170
541694,541794,8795.424217,8.795424217,"LINESTRING (11.466597229950539 63.784079773028914, 11.398356705518623 63.857225346101416)",65732V578598,-0.003786173,2756
579231,255966,5792.057358,5.792057358,"LINESTRING (10.810739758000278 63.40385023246349, 10.88198779958223 63.44504837411619)",95081V72156,0.006080741,14040
581536,656715,3964.788972,3.964788972,"LINESTRING (10.223377195872565 63.32457744169491, 10.302694830643867 63.32275589494104)",22504V72241,-0.003203197,9701
581633,581536,2864.150156,2.864150156,"LINESTRING (10.180492569487022 63.30747206906063, 10.223377195872565 63.32457744169491)",40308V72241,-0.002341358,10525
581827,581633,6549.966396,6.549966396,"LINESTRING (10.053568476875958 63.322332801012905, 10.180492569487022 63.30747206906063)",80360V72241,0.005785679,9606
582037,581827,7787.947558,7.787947558,"LINESTRING (9.897756996684656 63.32584633584975, 10.053568476875958 63.322332801012905)",75525V72242,-0.000651263,7697
587711,1854889,11016.33401,11.01633401,"LINESTRING (8.764279209935578 63.18416303116039, 8.981183345112381 63.199839282154436)",37602V72246,-0.010364246,1135
591920,1148914,8317.565756,8.317565756,"LINESTRING (10.249294727715663 59.69435550246546, 10.1974454325921 59.624289017486)",04403V2172075,-0.005429473,25862
592884,600113,1961.410312,1.961410312,"LINESTRING (11.471041352185386 63.998115353151604, 11.492050410266508 64.01316069877163)",83942V1828479,-0.001279182,11094
597346,582037,4003.608424,4.003608424,"LINESTRING (9.851307671746186 63.29650114566203, 9.897756996684656 63.32584633584975)",14444V2005568,-0.005429852,10416
600113,621923,6041.40853,6.04140853,"LINESTRING (11.492050410266508 64.01316069877163, 11.508623681231017 64.06700585086543)",61841V578063,-0.008835357,11722
601834,621503,2559.76369,2.55976369,"LINESTRING (10.397209956671189 63.40061090649609, 10.44377237536227 63.41038025163193)",35002V72811,-0.033890628,0
621046,1050156,2538.09167,2.53809167,"LINESTRING (10.272608561896902 63.28417016957422, 10.288791157871145 63.30580625865236)",15862V72153,-0.00640954,11384
621503,621605,3453.553784,3.453553784,"LINESTRING (10.44377237536227 63.41038025163193, 10.496958880214768 63.43033762453159)",44210V2411509,0.023854269,4712
621923,1854807,24733.74352,24.73374352,"LINESTRING (11.508623681231017 64.06700585086543, 11.930686258490752 64.1917537358746)",64090V578603,0.000239026,2113
621978,622201,8853.89988,8.85389988,"LINESTRING (12.341081516846314 64.38805800463746, 12.302287840910756 64.46590225727245)",89711V578609,0.012608455,1615
622201,1854852,16437.44301,16.43744301,"LINESTRING (12.302287840910756 64.46590225727245, 12.526239665618132 64.5780260730179)",92316V578609,-0.000189932,2603
622986,601834,3049.817477,3.049817477,"LINESTRING (10.37741946128543 63.374655457962874, 10.397209956671189 63.40061090649609)",06970V72811,0.028883696,49911
623104,579107,4142.889081,4.142889081,"LINESTRING (10.53622477855615 63.42226268445889, 10.619497173386215 63.42203232880412)",32375V72155,-0.012837177,17283
627813,628008,4024.597883,4.024597883,"LINESTRING (10.856512528450132 63.50615834662127, 10.860339150761908 63.542312197486)",76082V578594,0.000448492,6651
628147,541335,11560.60898,11.56060898,"LINESTRING (10.898593332790567 63.546306383461925, 11.065607728077566 63.619023777024346)",32279V578595,-0.00080238,6529
628971,541694,4041.130215,4.041130215,"LINESTRING (11.40402418935505 63.76049843831349, 11.466597229950539 63.784079773028914)",40729V578598,0.002776946,12731
630261,497797,4738.661037,4.738661037,"LINESTRING (11.42037727833619 63.94132198760059, 11.435623378458805 63.98340901374159)",68960V578600,-0.002789818,7632
633563,1835024,10536.64449,10.53664449,"LINESTRING (8.699213724223082 58.41754396021934, 8.580198291774987 58.34622722404893)",35904V22153,-0.000787632,18116
644771,1011677,8098.665655,8.098665655,"LINESTRING (19.55490861886213 69.21910171941751, 19.42215191621359 69.27470551029228)",91195V1125792,-0.01099675,2993
644771,1016957,15635.47613,15.63547613,"LINESTRING (19.55490861886213 69.21910171941751, 19.929360099091536 69.2655751146994)",83641V1126289,-0.0004351,2120
646017,1498010,10651.70194,10.65170194,"LINESTRING (10.955942404626953 59.62978778057559, 11.121566983582127 59.583369280627295)",21381V2554057,-0.004952166,12860
655059,1692454,1904.43019,1.90443019,"LINESTRING (10.728653509535208 59.91262534639425, 10.75801874280059 59.90387570020286)",17684V2460285,0.0057403,7499
659061,658705,9693.83468,9.69383468,"LINESTRING (13.224667739200482 65.87359694637054, 13.39728799228757 65.92489567242878)",79453V885912,0.004565273,1745
660263,601243,9099.047816,9.099047816,"LINESTRING (10.191866727584339 62.947634756476575, 10.25279548959787 63.024642806610814)",99593V72151,0.014719342,4497
687472,1661302,16958.83363,16.95883363,"LINESTRING (5.609629684311147 60.832024478156356, 5.487731485077704 60.97254728860933)",20810V384475,0.021792006,1369
717094,1367541,4277.205467,4.277205467,"LINESTRING (10.865039557119005 59.929228130130234, 10.941263555736139 59.93381923797656)",79854V625215,-0.009795648,45446
729893,1068477,9362.154404,9.362154404,"LINESTRING (10.780682149541498 59.83872488217221, 10.783605238109711 59.75454184745176)",02087V625292,-0.002923259,14827
730907,320750,15718.89431,15.71889431,"LINESTRING (6.319693641341305 62.07308346045743, 6.061330708056268 62.14641336174978)",53385V249032,0.000304093,8030
733331,717094,2788.307137,2.788307137,"LINESTRING (10.81682816247837 59.92251193592121, 10.865039557119005 59.929228130130234)",76389B2046118,-0.007307301,71
733331,521003,2608.881596,2.608881596,"LINESTRING (10.81682816247837 59.92251193592121, 10.815406372527464 59.89906053059026)",13447V625213,-0.006510453,67465
734848,518987,4227.03153,4.22703153,"LINESTRING (10.822273786744049 59.87643452885278, 10.83924359861153 59.83938729620402)",82813B1995026,-0.002042805,39
739490,1616680,14856.33059,14.85633059,"LINESTRING (18.418357973321 68.91397144911386, 18.510481546642367 69.0434263798098)",48498V1125765,-0.000788485,3139
744348,655059,2763.534523,2.763534523,"LINESTRING (10.681126755039179 59.91970432888008, 10.728653509535208 59.91262534639425)",52231V625294,-0.001404723,68670
786013,359628,22321.96178,22.32196178,"LINESTRING (6.544320340983399 58.46088553397752, 6.1907398147993495 58.539426252445985)",20571V320577,-0.005420312,3571
815860,816117,7271.286088,7.271286088,"LINESTRING (10.375356937274749 59.37820215898673, 10.366680206149852 59.31295972638973)",24742V1669523,0.00204448,22813
816117,932076,3613.433037,3.613433037,"LINESTRING (10.366680206149852 59.31295972638973, 10.327657826643579 59.287286628564146)",37016V2252707,0.008232614,17191
819302,819545,3986.130652,3.986130652,"LINESTRING (10.113199421790272 59.1103704455132, 10.063121022645184 59.085397930778484)",64390V1672721,0.014807593,22098
819545,947862,4375.294128,4.375294128,"LINESTRING (10.063121022645184 59.085397930778484, 10.01270737125295 59.05578632965959)",38617V2680848,0.000821202,17602
825322,1401860,5472.445805,5.472445805,"LINESTRING (10.459590280679281 59.924488847972135, 10.520188087860532 59.885774361836944)",31818V444229,0.009267337,0
834022,518394,7222.502809,7.222502809,"LINESTRING (9.81728377826774 59.087198665128795, 9.710202487900066 59.1217787361298)",55265V521064,0.003300241,15149
837851,834022,8887.23846,8.88723846,"LINESTRING (9.965983923469823 59.06378414620233, 9.81728377826774 59.087198665128795)",33313V2014318,0.004664779,14231
861726,778683,9759.318141,9.759318141,"LINESTRING (9.283732934759666 58.896979523473895, 9.132549187026298 58.857019860088165)",70867V521066,-0.009196749,5921
875935,892203,5886.735524,5.886735524,"LINESTRING (10.314116650727321 59.469420860449375, 10.363971118559006 59.42294044689609)",39653V2172095,0.005619413,23133
884154,861726,4087.47324,4.08747324,"LINESTRING (9.31850066794277 58.929057419356106, 9.283732934759666 58.896979523473895)",59274V521379,0.004217765,5326
892203,815860,5016.241093,5.016241093,"LINESTRING (10.363971118559006 59.42294044689609, 10.375356937274749 59.37820215898673)",41419V1669366,0.005885283,21443
917667,633563,5124.014737,5.124014737,"LINESTRING (8.724604070430924 58.46166752776266, 8.699213724223082 58.41754396021934)",14111V22152,0.007114929,19459
918793,1160470,4164.047896,4.164047896,"LINESTRING (10.314269949976332 59.72729955011307, 10.26212545261025 59.7539813303468)",17567V180905,0.008344765,16506
925287,819302,6311.832058,6.311832058,"LINESTRING (10.185379201162403 59.153390029772325, 10.113199421790272 59.1103704455132)",33123V2258515,-0.002772095,21357
925506,957739,28334.73092,28.33473092,"LINESTRING (15.320290048572064 66.55311052205113, 15.421321289012283 66.80477246680042)",39676V885922,0.016839087,473
931408,1164626,16916.86139,16.91686139,"LINESTRING (9.037726022529313 58.74362911082902, 8.899680688389237 58.609482149283856)",16720V22149,0.001309758,6780
932076,938601,6255.531345,6.255531345,"LINESTRING (10.327657826643579 59.287286628564146, 10.27517829538243 59.23783522789951)",25000V2252921,-0.007701824,27134
932344,659061,3744.872894,3.744872894,"LINESTRING (13.209798120784669 65.84047220282731, 13.224667739200482 65.87359694637054)",09793B885912,-0.019466615,22
932927,875935,7154.95583,7.15495583,"LINESTRING (10.212159895883858 59.50764191479704, 10.314116650727321 59.469420860449375)",46293V2172092,-0.002246275,17701
935246,1012112,2855.305325,2.855305325,"LINESTRING (18.94654393216248 69.62504383693592, 18.98234825405135 69.64749709904893)",85147V1201967,0.001888765,10423
936216,1173462,11482.8834,11.4828834,"LINESTRING (7.7880812904613625 62.975442135813765, 8.000999268737091 63.011725884111456)",87500V2407154,-0.00223942,2433
938601,939342,4079.259742,4.079259742,"LINESTRING (10.27517829538243 59.23783522789951, 10.235397791793455 59.20731511807873)",35088V2252983,-0.008099018,26467
939314,1837088,6449.340347,6.449340347,"LINESTRING (7.183485938297938 58.12538397271007, 7.092010401239533 58.157521032834055)",48837V121751,0.000159086,5669
939342,1525237,3802.746906,3.802746906,"LINESTRING (10.235397791793455 59.20731511807873, 10.205965764295591 59.176617546677676)",56300V1175677,-0.006072453,4812
941253,1854849,11347.93684,11.34793684,"LINESTRING (14.561378734002387 68.23566953072798, 14.287211744316973 68.24488248602316)",01749V885956,-0.001789753,7122
941568,1655795,23983.3214,23.9833214,"LINESTRING (7.954655146132964 61.07365564761146, 7.509321694566586 61.06324974324108)",55982V384008,0.020934465,1817
943010,943332,3035.719797,3.035719797,"LINESTRING (6.079289544247725 62.18208048695495, 6.127304200042971 62.1976862012686)",93392V248904,0.024604049,11388
943332,1205589,8149.26172,8.14926172,"LINESTRING (6.127304200042971 62.1976862012686, 5.999651336438797 62.24047796345885)",01521V249521,-0.002466972,8850
943633,1552659,11774.37791,11.77437791,"LINESTRING (6.371482482221337 62.471020292978636, 6.597262634540371 62.489165913797635)",69193V248908,-0.001740134,10043
943905,1853430,14628.5957,14.6285957,"LINESTRING (6.8998034284550585 62.51233841957161, 7.097950640624595 62.60704778170967)",79361V248910,0.018020869,3281
944789,345153,2220.045749,2.220045749,"LINESTRING (7.17468690473213 62.73666275967553, 7.21736922097683 62.740711075632426)",60900V248916,-0.001600868,7437
945389,1234021,2321.200958,2.321200958,"LINESTRING (6.358652334376796 62.445439076448345, 6.3536972126516975 62.46618799558616)",54426V248907,-0.009379197,10194
947862,837851,2815.336134,2.815336134,"LINESTRING (10.01270737125295 59.05578632965959, 9.965983923469823 59.06378414620233)",30202V2680855,-0.03235777,0
950607,1854811,12367.42613,12.36742613,"LINESTRING (7.844675403484444 59.619132121659916, 7.736958844420954 59.71614424486109)",46694V521392,0,1050
957034,1854810,19181.6794,19.1816794,"LINESTRING (8.207068868882692 62.25739891738218, 8.003803990168796 62.401787204896316)",97843V1060647,5.29E-05,1133
960370,1854799,10827.91218,10.82791218,"LINESTRING (5.9454297450469875 59.66270846111282, 5.793901198911979 59.60258982289302)",03486V319647,0.000582938,3374
972167,1854892,12026.90028,12.02690028,"LINESTRING (23.393652623954946 69.962593379559, 23.590884249228008 70.04715326527904)",17790V930593,0,7153
973790,1854893,7593.660935,7.593660935,"LINESTRING (25.07141976340873 70.47378643252064, 25.185639338394168 70.53044627030664)",34500V930598,0,397
974682,1308424,8123.464054,8.123464054,"LINESTRING (5.718194382426881 58.87156927253416, 5.726423112230225 58.94450164800602)",66678V320582,-0.00323692,62156
448431,1781068,3629.01311,3.62901311,"LINESTRING (13.044288778827402 67.8998893127514, 12.977240681543547 67.87919481161958)",29852V885202,-0.003370062,702
978654,1048365,3221.236556,3.221236556,"LINESTRING (23.21567469643386 69.95524135137958, 23.2579432906685 69.93016002944283)",13191V930624,0.006561145,3154
978654,979032,3740.162529,3.740162529,"LINESTRING (23.21567469643386 69.95524135137958, 23.291614736854243 69.97656226191918)",60303V930233,-0.009633271,10717
979032,424527,2242.311845,2.242311845,"LINESTRING (23.291614736854243 69.97656226191918, 23.350183966722614 69.97445679300615)",60256V930371,0.021021162,1219
979185,1854857,17496.45905,17.49645905,"LINESTRING (24.979631869384693 70.05101143200591, 25.101695603776474 69.89931502723377)",77347V930245,0,679
967923,1096451,12395.94087,12.39594087,"LINESTRING (28.227899337753353 70.16612316221176, 28.55593419179216 70.17274830737237)",90101V930271,0.002884654,931
981136,1695865,29543.95814,29.54395814,"LINESTRING (7.210689760647291 60.89802794520139, 6.679901359059958 60.836221272638)",65182V384013,-0.012142652,1428
981995,664358,3420.142676,3.420142676,"LINESTRING (10.28575463469275 63.226882086886036, 10.283195810526509 63.25761858691034)",59199V72809,0.00596671,8779
982265,1854859,9827.356169,9.827356169,"LINESTRING (10.946110352255367 63.468321703308895, 11.143735040789572 63.464208826745086)",99467V578621,0,5000
982469,1854821,11721.08216,11.72108216,"LINESTRING (14.833580828515222 68.42185412208707, 14.697958733149362 68.32904602932473)",92394V885954,0,812
1011881,1011888,8975.20839,8.97520839,"LINESTRING (19.280763873109507 69.41814994964979, 19.249066519488128 69.49809596056008)",99846V2429627,-0.000247682,2362
1012112,1012181,2276.068954,2.276068954,"LINESTRING (18.98234825405135 69.64749709904893, 19.018128172487145 69.663752891239)",31958V1125796,-0.000490758,10763
1012181,1226405,2241.721755,2.241721755,"LINESTRING (19.018128172487145 69.663752891239, 18.996284055155147 69.68243062140563)",31157V2782679,-0.001650517,5277
1012835,1854861,9384.467069,9.384467069,"LINESTRING (16.568608999005676 68.63316397578167, 16.37452447441072 68.5872042612848)",95678V1125814,-0.00199372,3854
1016544,1854826,9385.348119,9.385348119,"LINESTRING (18.583118903783543 69.13327637055073, 18.81056833380694 69.10975214279883)",53710V1126287,0,4152
1016827,644771,1136.792736,1.136792736,"LINESTRING (19.531600164121112 69.21309247316513, 19.55490861886213 69.21910171941751)",56742V1126289,0.005116148,3022
1017224,1027717,1621.296424,1.621296424,"LINESTRING (18.95079889655914 69.67840113121821, 18.913302776524358 69.6718458947718)",14843V1125937,0.045716501,19927
917559,1854827,12184.71,12.18471,"LINESTRING (17.68924290655567 68.65081430606094, 17.970401098580936 68.6901770024308)",92486V1126283,-8.15E-05,1401
1035188,1854829,23859.27215,23.85927215,"LINESTRING (10.096761366264275 60.3553974506094, 9.988731282095815 60.56325322109984)",49772V181256,0,2271
1040580,918139,4739.715977,4.739715977,"LINESTRING (18.253730921731663 68.834810651402, 18.347514131311037 68.86072735264707)",90978V1126285,0.012788741,2482
1045653,281536,5394.091809,5.394091809,"LINESTRING (19.13522307221527 69.5632838899113, 19.005626534183044 69.54585208237307)",61732V1126304,-0.010230267,5078
1047298,1059253,5152.592009,5.152592009,"LINESTRING (11.029408144622217 59.31568601990455, 11.083076500741123 59.27831821489272)",78251V1719132,0.00831465,28244
1053393,328043,8251.599165,8.251599165,"LINESTRING (9.729158207664865 61.591106001967866, 9.674767595639848 61.6606673214788)",46801V2562048,0.001086335,2650
1058365,1107032,9375.234671,9.375234671,"LINESTRING (8.121687242917798 58.18160055687403, 7.98045079292053 58.14213232518529)",68804V121330,0.007249312,3734
1059028,1457640,6409.327364,6.409327364,"LINESTRING (11.098938243884932 59.25816168606717, 11.164736050920125 59.21136819903143)",60371V1719219,0.001218849,28468
1059253,1059028,2415.739825,2.415739825,"LINESTRING (11.083076500741123 59.27831821489272, 11.098938243884932 59.25816168606717)",98963V1719019,-0.003300852,34622
1059419,646017,14029.68766,14.02968766,"LINESTRING (10.785260894536222 59.72194613597496, 10.955942404626953 59.62978778057559)",98144V2554057,0.003466934,11816
1063773,1058365,12193.34851,12.19334851,"LINESTRING (8.300742608818906 58.237518574970956, 8.121687242917798 58.18160055687403)",00000V1702725,-0.000141307,10002
1064864,1063773,11794.37602,11.79437602,"LINESTRING (8.466862293153033 58.29766014907776, 8.300742608818906 58.237518574970956)",07242V1751122,-0.000720089,12215
1068477,1388481,1613.232555,1.613232555,"LINESTRING (10.783605238109711 59.75454184745176, 10.780540914998081 59.74011607490991)",27025V443294,-0.002432383,11304
1096879,1096416,5965.212359,5.965212359,"LINESTRING (29.87237081743274 69.71821964683545, 29.997652680402464 69.68676804618815)",91582V930281,0.006434473,2790
1098392,1854834,4526.412592,4.526412592,"LINESTRING (25.965830828689555 71.00171993979876, 25.886214627403724 71.03312654532839)",17322V1201949,0,2061
1100062,1854815,18486.24266,18.48624266,"LINESTRING (27.034551871362524 69.91225966298646, 27.40870059700775 70.01813404431843)",73311V930605,-0.000630415,134
1107032,363094,8427.879326,8.427879326,"LINESTRING (7.98045079292053 58.14213232518529, 7.844741776371103 58.11742596891251)",68018V121746,-0.003227977,18538
1112692,1119099,3349.653479,3.349653479,"LINESTRING (6.85611610910747 58.24194809126942, 6.830355449365469 58.268850992323436)",06390V1204620,-0.045860863,4451
1114288,660263,24315.54404,24.31554404,"LINESTRING (9.983459875847695 62.75072302790106, 10.191866727584339 62.947634756476575)",92382V72805,0.007359737,3389
1114554,442791,11067.0521,11.0670521,"LINESTRING (7.471476256871959 58.03025843923248, 7.307786349019326 58.079295887753574)",84563V121371,1.57E-05,7819
1117282,344396,4701.198096,4.701198096,"LINESTRING (10.473279503735267 59.70362680368551, 10.418551548396097 59.73565787626339)",87557V180903,-0.00170063,9162
1119099,443012,9491.841561,9.491841561,"LINESTRING (6.830355449365469 58.268850992323436, 6.678020981875607 58.298400646467584)",22230V121755,0.024334793,5520
1148914,1148963,6119.894071,6.119894071,"LINESTRING (10.1974454325921 59.624289017486, 10.180887822296318 59.56989310963897)",53810V2172079,-0.010226811,19839
1148963,932927,7142.961476,7.142961476,"LINESTRING (10.180887822296318 59.56989310963897, 10.212159895883858 59.50764191479704)",27436V2172082,0.008080682,20232
1161983,236596,18097.07271,18.09707271,"LINESTRING (9.435214200908554 61.84728372399338, 9.248309867834722 61.98419924083553)",48332V1060626,-0.008937136,2278
1166768,1391983,8929.427711,8.929427711,"LINESTRING (11.14596451777882 60.16052690426011, 11.15311613840974 60.08030170380216)",73894V444221,0.004622133,39019
1166768,1361083,9069.648449,9.069648449,"LINESTRING (11.14596451777882 60.16052690426011, 11.04523901097169 60.22491628356363)",14775V443441,0.000469809,10288
1168841,1114554,5566.184127,5.566184127,"LINESTRING (7.53286782570805 58.06834174936527, 7.471476256871959 58.03025843923248)",10659V121749,0.007659107,14381
1170474,1225629,4186.193672,4.186193672,"LINESTRING (17.523816588411574 68.48444833364358, 17.624029522850932 68.47632310414855)",27227V885156,-0.00337132,2261
1170474,331452,7304.674091,7.304674091,"LINESTRING (17.523816588411574 68.48444833364358, 17.558019563993618 68.54893555571269)",31675V885942,0.004979141,2340
1173462,345756,19680.24474,19.68024474,"LINESTRING (8.000999268737091 63.011725884111456, 8.353433005144517 63.0879621626898)",73005V249534,-0.00027332,1373
1202331,780210,10574.365,10.574365,"LINESTRING (5.449868164581779 59.31543383127398, 5.4519850673266035 59.41052526155239)",45383V319532,-1.28E-05,3741
1204452,981995,15512.64171,15.51264171,"LINESTRING (10.250289796381109 63.08829567161575, 10.28575463469275 63.226882086886036)",97687V72808,0.001471896,7215
1205589,1854836,12824.69828,12.82469828,"LINESTRING (5.999651336438797 62.24047796345885, 6.160100244641764 62.328420031251454)",43803V249522,-6.35E-05,2215
1207592,1218415,1321.191627,1.321191627,"LINESTRING (6.202016984552805 62.46973525054118, 6.176336335741556 62.4702653854443)",75571V248950,0.017452427,23176
1210066,1550099,10670.10889,10.67010889,"LINESTRING (11.237593459770816 60.48522567532779, 11.215130726803073 60.38990919772902)",52742V2282262,-0.002151243,11660
1211419,1202331,4542.799913,4.542799913,"LINESTRING (5.4757128817864436 59.27676941756511, 5.449868164581779 59.31543383127398)",63934V319531,-0.005563529,4355
1218415,1211360,2090.497856,2.090497856,"LINESTRING (6.176336335741556 62.4702653854443, 6.135664316401171 62.47049506055456)",65035V248952,-0.001783786,9313
1218458,520142,15026.73467,15.02673467,"LINESTRING (8.205015906954022 59.493773355282585, 7.986144015451067 59.57088399069574)",19545V521390,0.007526053,1178
1218653,1209902,3115.929532,3.115929532,"LINESTRING (6.3006711546031005 62.4636455200581, 6.241343036779995 62.46939805124661)",58648V248949,0.010953393,11635
1220312,943904,10911.37469,10.91137469,"LINESTRING (6.6636010739354985 62.4797072366048, 6.87410911026527 62.492833291692065)",97860V249525,-0.01294649,5987
1225629,430614,20134.6492,20.1346492,"LINESTRING (17.624029522850932 68.47632310414855, 18.10455598337935 68.43568530360983)",01777V885181,-0.022010267,515
1226405,1017224,1812.575945,1.812575945,"LINESTRING (18.996284055155147 69.68243062140563, 18.95079889655914 69.67840113121821)",55092V1125799,-0.037475947,20796
1233937,1854796,14496.92596,14.49692596,"LINESTRING (7.146763136941531 62.61377998693823, 7.408220014521703 62.56369062623124)",91810V2497857,8.57E-05,1350
1234021,1218653,2740.399008,2.740399008,"LINESTRING (6.3536972126516975 62.46618799558616, 6.3006711546031005 62.4636455200581)",82819V248945,-0.001302,9637
1234021,943633,1060.355383,1.060355383,"LINESTRING (6.3536972126516975 62.46618799558616, 6.371482482221337 62.471020292978636)",07156V248908,-0.015308075,8031
1236482,518781,19156.62085,19.15662085,"LINESTRING (9.568939142508722 59.628837568053555, 9.259411614363295 59.55716650070255)",70320V521380,0.014662868,8078
1240203,612442,9443.53991,9.44353991,"LINESTRING (9.630417548748854 63.28602041011846, 9.811643107748985 63.310130929024716)",06438V2413672,0.01537739,2824
1244249,360832,10635.70337,10.63570337,"LINESTRING (5.930622538021201 58.74426010393179, 5.781669315278977 58.80069930508012)",12621V319516,0.00995731,15863
1253262,786013,15583.14946,15.58314946,"LINESTRING (6.657341608557276 58.3338727130347, 6.544320340983399 58.46088553397752)",43112V320576,-0.00211241,3797
1255189,1753123,4181.731013,4.181731013,"LINESTRING (5.426459821641673 60.145584505287054, 5.452833923504647 60.18082818739613)",41273V805613,-0.015798003,7265
1259667,733331,1953.494361,1.953494361,"LINESTRING (10.79339670936191 59.909447271521756, 10.81682816247837 59.92251193592121)",66346V625214,-0.025594648,14761
419975,1353166,9014.238961,9.014238961,"LINESTRING (10.288110519371628 59.80717551936731, 10.44108227228804 59.83282688584367)",00000V443295,0.011160454,45704
1277008,904906,3125.136274,3.125136274,"LINESTRING (9.685113073397428 59.09878186899866, 9.66192946394826 59.0733254250274)",40366V521376,-0.001130191,12044
1278515,1854840,13621.18999,13.62118999,"LINESTRING (15.76606778497077 68.52896767275016, 15.48125482599389 68.46488314721229)",01513V1665565,0,554
1287788,225533,10757.72119,10.75772119,"LINESTRING (10.253506560345755 60.14685912740735, 10.279030527523267 60.050952962361045)",04673V2712750,0.003718631,15973
1291319,1622377,2312.95688,2.31295688,"LINESTRING (5.258764843050043 60.53283935583519, 5.289393679014114 60.54718376408297)",19367V1911018,-0.013758579,14676
1292044,1761273,2649.338524,2.649338524,"LINESTRING (5.455506034232162 59.76188326844215, 5.482109968418017 59.781588393083155)",75277B1806966,-0.002681047,96
1294532,783491,7998.34883,7.99834883,"LINESTRING (5.651040071246888 58.99475045169516, 5.67465014678027 59.06564786463491)",40190V319527,0.002049673,8445
1306939,1220377,16700.09477,16.70009477,"LINESTRING (9.86923728495378 59.7489377002652, 9.647656844690635 59.648649767427)",08002V181261,-0.006487149,10201
1308424,1294532,7063.279108,7.063279108,"LINESTRING (5.726423112230225 58.94450164800602, 5.651040071246888 58.99475045169516)",22231V320583,0.003367275,14857
1311226,786184,18614.51612,18.61451612,"LINESTRING (5.522468695337884 59.82986600501298, 5.334470709618994 59.968193389488654)",88980V805612,0.002585133,2814
1353166,1391824,3256.520685,3.256520685,"LINESTRING (10.44108227228804 59.83282688584367, 10.479512467810217 59.854849446891286)",28285V444233,0.027806671,60166
1353882,1401860,1579.160287,1.579160287,"LINESTRING (10.502821529456833 59.8745608494875, 10.520188087860532 59.885774361836944)",88537V444232,0.000591454,75573
1354548,1596708,12278.68227,12.27868227,"LINESTRING (11.51513180379827 60.17919021289057, 11.674305426067823 60.25627975421057)",41221V704557,0.000966146,7478
1355042,1540900,8012.067656,8.012067656,"LINESTRING (11.215951027271554 60.09153006468821, 11.339341497327085 60.12909166232929)",91460V1665980,0.001112447,9935
1356545,1361908,1570.689301,1.570689301,"LINESTRING (10.739163854231755 59.70682046004064, 10.733194611534415 59.69301969746263)",94949V444217,-0.006237389,17864
1356545,1359965,4678.029176,4.678029176,"LINESTRING (10.739163854231755 59.70682046004064, 10.659504650174595 59.694381417756794)",60041V443428,-0.016429568,11445
1356899,1068477,5730.343745,5.730343745,"LINESTRING (10.841024437405254 59.797207301875765, 10.783605238109711 59.75454184745176)",65758V1796925,0.014312754,37031
1357128,1359748,4836.091583,4.836091583,"LINESTRING (11.053365730665675 59.94907164665057, 10.99245968416796 59.980090713882774)",32088V444219,-0.003689343,69698
1357826,473308,9605.809151,9.605809151,"LINESTRING (10.740413964109557 59.602320311322735, 10.72737393651022 59.51618619661811)",92246V2682281,0.003955211,20735
1358093,825322,4438.832083,4.438832083,"LINESTRING (10.393335886656441 59.946666956158865, 10.459590280679281 59.924488847972135)",25219V1773688,0.036156583,12909
1359748,1534536,5540.389202,5.540389202,"LINESTRING (10.99245968416796 59.980090713882774, 11.064231949236438 60.014653749358985)",86357V444219,-0.007923812,61674
1359965,1297915,6226.205348,6.226205348,"LINESTRING (10.659504650174595 59.694381417756794, 10.566800142696511 59.663641812064526)",09389V443429,0.005780728,7659
1360772,744348,5090.015376,5.090015376,"LINESTRING (10.595791742958875 59.90342096987875, 10.681126755039179 59.91970432888008)",79755V625294,0.002536731,75466
1363061,1391983,5339.573641,5.339573641,"LINESTRING (11.108485639805995 60.037760891733924, 11.15311613840974 60.08030170380216)",80141V444220,-0.004030472,54279
1367541,733439,1673.185312,1.673185312,"LINESTRING (10.941263555736139 59.93381923797656, 10.946340912880771 59.94865008248658)",04525V625637,-0.002820967,5893
1388481,1059419,2037.651347,2.037651347,"LINESTRING (10.780540914998081 59.74011607490991, 10.785260894536222 59.72194613597496)",77061V444230,-0.027832043,23003
1391824,1353882,2548.960379,2.548960379,"LINESTRING (10.479512467810217 59.854849446891286, 10.502821529456833 59.8745608494875)",00378V444233,0.007058172,70288
1391983,1355042,3701.319869,3.701319869,"LINESTRING (11.15311613840974 60.08030170380216, 11.215951027271554 60.09153006468821)",18512V1665976,-0.002294587,9691
1401860,1360772,4650.948514,4.650948514,"LINESTRING (10.520188087860532 59.885774361836944, 10.595791742958875 59.90342096987875)",33438V444232,-0.003612166,81453
1447438,1752379,2919.423145,2.919423145,"LINESTRING (5.328217711522499 60.299292577207254, 5.337853948275618 60.325110162793436)",08880B2403017,0.009260049,182
1455254,1854841,12149.05786,12.14905786,"LINESTRING (5.884103003838848 61.4473536534904, 6.095512698824922 61.48907653528614)",09390V384481,0,6306
1457640,1520306,12421.1263,12.4211263,"LINESTRING (11.164736050920125 59.21136819903143, 11.262407627775525 59.11151152575014)",04904V971774,-0.003508861,11531
1457875,1300885,11128.21242,11.12821242,"LINESTRING (10.21822133055514 59.727288961498274, 10.025603901182993 59.75165794850364)",26714V180853,0.001034668,17403
1461371,1457875,5103.121911,5.103121911,"LINESTRING (10.25817080177434 59.768533657524934, 10.21822133055514 59.727288961498274)",17291V181259,-0.000552603,51362
1494993,984851,2602.475407,2.602475407,"LINESTRING (14.128204494506445 66.30450592198204, 14.172097454202287 66.3198946937514)",24732V885127,-0.003120106,12644
1499783,1583718,5516.912845,5.516912845,"LINESTRING (11.219907139907566 59.57336376152447, 11.317693709297073 59.57642510657952)",33784V1667751,-0.000384092,9469
1502160,1047298,4299.38899,4.29938899,"LINESTRING (10.95663421975064 59.32646947911019, 11.029408144622217 59.31568601990455)",58345V1719147,-0.013822894,28169
1502720,1241680,10543.87408,10.54387408,"LINESTRING (11.542826634360544 59.53927755333317, 11.686075208695105 59.47838137328383)",26983V971358,0.00716416,0
1520568,1502400,6139.79098,6.13979098,"LINESTRING (10.75209205314633 59.38615295619402, 10.84356510271885 59.3565383500106)",12554V971778,-0.000250171,32818
1525237,925287,2836.805229,2.836805229,"LINESTRING (10.205965764295591 59.176617546677676, 10.185379201162403 59.153390029772325)",68771V2258479,0.016317652,25770
1534536,1363061,3556.085497,3.556085497,"LINESTRING (11.064231949236438 60.014653749358985, 11.108485639805995 60.037760891733924)",30552V444220,0.008001776,25885
1540900,1354548,11210.04152,11.21004152,"LINESTRING (11.339341497327085 60.12909166232929, 11.51513180379827 60.17919021289057)",35666V443378,0.001074572,8528
1548053,1166768,3672.852975,3.672852975,"LINESTRING (11.186247650206667 60.18678714852389, 11.14596451777882 60.16052690426011)",96571V444221,0.003923653,21901
1549832,1548053,14333.14155,14.33314155,"LINESTRING (11.144912090023748 60.31404583497333, 11.186247650206667 60.18678714852389)",63515V1811747,-0.000669009,375
1550099,1549832,9277.798464,9.277798464,"LINESTRING (11.215130726803073 60.38990919772902, 11.144912090023748 60.31404583497333)",95703V2037788,-0.001367458,12710
1552659,1220312,3566.473629,3.566473629,"LINESTRING (6.597262634540371 62.489165913797635, 6.6636010739354985 62.4797072366048)",70836V249525,0.01573431,6111
1572082,1854842,12208.11467,12.20811467,"LINESTRING (16.815148229028672 68.33595848247467, 17.084676333621587 68.38258411562806)",88157V885938,0,1687
1583052,1502720,9662.243384,9.662243384,"LINESTRING (11.377186227855889 59.56173311900949, 11.542826634360544 59.53927755333317)",45277V971781,-0.008107744,5521
1591175,601899,950.3391114,0.950339111,"LINESTRING (10.39210145507513 63.43067147872413, 10.394613777320888 63.42219909102313)",21801V72158,-0.006251453,8242
1596708,1831177,13042.97557,13.04297557,"LINESTRING (11.674305426067823 60.25627975421057, 11.889589102570078 60.20796443667691)",14051V2499835,-0.001345552,8481
347578,354561,2488.930717,2.488930717,"LINESTRING (5.448544288715431 59.417909335874384, 5.404558946717095 59.41838829178365)",49950V319650,-0.009870102,13009
1620935,226166,5156.183152,5.156183152,"LINESTRING (10.344592662913332 60.22043985316448, 10.260352464839128 60.200473316326274)",30703V180924,0.00696523,7713
1621813,1620935,9938.910327,9.938910327,"LINESTRING (10.498162199850322 60.26713108518985, 10.344592662913332 60.22043985316448)",62963V1060678,0.020197285,7557
1622377,1757013,5635.352323,5.635352323,"LINESTRING (5.289393679014114 60.54718376408297, 5.363324187232454 60.58251679523136)",23182V805619,0.001451018,5670
1655795,981136,24433.74212,24.43374212,"LINESTRING (7.509321694566586 61.06324974324108, 7.210689760647291 60.89802794520139)",88422V384010,0.000949793,1420
1662585,1455254,2356.182941,2.356182941,"LINESTRING (5.841233171036665 61.45275931485458, 5.884103003838848 61.4473536534904)",66711V384480,0.004980089,11911
1663567,1854835,16576.07839,16.57607839,"LINESTRING (6.520370832012045 61.60554692546444, 6.385848772310889 61.74026188862329)",09537V384484,-0.000220317,1657
1692454,322944,1193.439214,1.193439214,"LINESTRING (10.75801874280059 59.90387570020286, 10.759170086648156 59.89315838806627)",89040V2545188,-0.023893969,19007
1692454,1259667,2067.478092,2.067478092,"LINESTRING (10.75801874280059 59.90387570020286, 10.79339670936191 59.909447271521756)",09259V625604,-0.028276962,1393
1703037,1761012,17467.16269,17.46716269,"LINESTRING (5.87101848306044 60.621614300744476, 5.74429222247675 60.4774138158354)",20407V805602,-0.002475388,3565
1742443,356803,2954.196647,2.954196647,"LINESTRING (5.522475967361958 59.47280365051089, 5.474275031280178 59.46249744338462)",74164V319648,0.012804158,5639
1751303,1762198,3618.125878,3.618125878,"LINESTRING (5.326111488293223 60.391874770265105, 5.265042030893072 60.37970709269978)",94767V804742,-0.003458144,9650
1751303,1754488,2962.722386,2.962722386,"LINESTRING (5.326111488293223 60.391874770265105, 5.313386889233383 60.41776747200806)",78845V804838,-0.008512779,6723
1695865,1797345,26933.48912,26.93348912,"LINESTRING (6.679901359059958 60.836221272638, 6.4240770908423315 60.62878993950195)",61137V2423227,0.011689351,3972
1751958,1752000,8894.058879,8.894058879,"LINESTRING (5.626179092435482 60.42417435179289, 5.4647966334399385 60.41699251026054)",04939V804763,0.013349586,166
1752000,1847362,8994.684434,8.994684434,"LINESTRING (5.4647966334399385 60.41699251026054, 5.353303398891562 60.47631565733449)",87699V804741,-0.00904701,16523
1752379,1757410,3434.064908,3.434064908,"LINESTRING (5.337853948275618 60.325110162793436, 5.340213004229267 60.35597137985398)",45610V804781,-0.001759431,38117
1752913,1291319,4730.246558,4.730246558,"LINESTRING (5.335239341770068 60.51300114731776, 5.258764843050043 60.53283935583519)",10990V804785,0.00832853,16062
1753909,1753950,8033.469386,8.033469386,"LINESTRING (5.4774312635172855 59.67791155774618, 5.405048415849705 59.74025469160639)",23045V2441493,0.004925643,1313
1753950,1292044,3711.131967,3.711131967,"LINESTRING (5.405048415849705 59.74025469160639, 5.455506034232162 59.76188326844215)",90523V804810,-0.010397097,5043
1754488,1757182,2432.414222,2.432414222,"LINESTRING (5.313386889233383 60.41776747200806, 5.324601995789682 60.43893092396262)",84212V805616,-0.002124227,46907
1757052,1757063,3013.720775,3.013720775,"LINESTRING (5.423243065224322 60.61501093739346, 5.473117572164756 60.62666867470713)",92859V805620,-0.019252281,3037
1757063,1854845,9199.995115,9.199995115,"LINESTRING (5.473117572164756 60.62666867470713, 5.546970415649263 60.70107500343034)",41983V805621,0,2118
1757211,1847362,2024.860901,2.024860901,"LINESTRING (5.3247413156795345 60.46476443661967, 5.353303398891562 60.47631565733449)",78017V804784,-0.00981055,30860
1757217,1757294,8327.668161,8.327668161,"LINESTRING (6.67725656871896 59.870614058112984, 6.573392492867886 59.924421378564226)",58420V805630,0.041441613,1541
1757294,1178154,15610.97757,15.61097757,"LINESTRING (6.573392492867886 59.924421378564226, 6.340764719795873 59.84639931822561)",53155V1665289,0.011145683,1208
1757410,1751303,4066.827316,4.066827316,"LINESTRING (5.340213004229267 60.35597137985398, 5.326111488293223 60.391874770265105)",09194V804833,0.004756779,5329
1761012,1751958,8774.889014,8.774889014,"LINESTRING (5.74429222247675 60.4774138158354, 5.626179092435482 60.42417435179289)",56466V804740,-0.009661205,4510
1761273,1311226,5823.3947,5.8233947,"LINESTRING (5.482109968418017 59.781588393083155, 5.522468695337884 59.82986600501298)",51706V805611,-0.000216025,3559
1767627,1251008,5672.785902,5.672785902,"LINESTRING (5.29857356377392 59.391908255859605, 5.275218710899676 59.34229898819579)",88119V319814,0.003902315,18964
1790694,1753909,13481.35481,13.48135481,"LINESTRING (5.416862484742675 59.560604343579364, 5.4774312635172855 59.67791155774618)",73809V805608,-0.002062107,4727
1797345,329937,10170.57846,10.17057846,"LINESTRING (6.4240770908423315 60.62878993950195, 6.238298168777537 60.63689097993368)",08615V2398666,-0.004947015,3395
1804949,1358093,5092.999939,5.092999939,"LINESTRING (10.324890746018992 59.97706397978698, 10.393335886656441 59.946666956158865)",05109V180781,0.015358728,10993
1808899,1009585,13572.21105,13.57221105,"LINESTRING (20.77779944449483 69.81947796654015, 21.127753882313712 69.80184432179186)",75365V1126296,0.003071276,2326
1810129,1244173,9642.137193,9.642137193,"LINESTRING (5.424040660843006 60.214902479066176, 5.329209310018174 60.28773872717407)",66206V805614,-0.000519491,12338
1811243,1662585,15043.39748,15.04339748,"LINESTRING (5.776468827008686 61.32107389404767, 5.841233171036665 61.45275931485458)",34684V384477,0.003401359,1757
1819808,730907,14319.40918,14.31940918,"LINESTRING (6.515876939252566 61.9829922618871, 6.319693641341305 62.07308346045743)",70840V2212895,0.004918639,1279
1820460,273005,12437.32514,12.43732514,"LINESTRING (10.974206327951332 60.25883367483744, 10.751135924796511 60.27529589076481)",00000V443437,-0.016795332,3412
1824695,978654,5161.307211,5.161307211,"LINESTRING (23.105917934733007 69.9280854331125, 23.21567469643386 69.95524135137958)",25779V2413305,0.004604454,1915
328981,328559,8820.51026,8.82051026,"LINESTRING (10.005712603848021 61.548284913218225, 9.845778361114656 61.570438940872435)",44161V2411262,0.001148346,2822
1831177,346860,7594.144821,7.594144821,"LINESTRING (11.889589102570078 60.20796443667691, 12.020576113953416 60.18732295729461)",57929V705247,-6.28E-05,442
1835024,1064864,8541.870041,8.541870041,"LINESTRING (8.580198291774987 58.34622722404893, 8.466862293153033 58.29766014907776)",50741V1751361,-0.007013335,12066
1837088,1112692,16708.88932,16.70888932,"LINESTRING (7.092010401239533 58.157521032834055, 6.85611610910747 58.24194809126942)",00870V1204449,-0.006701463,3633
1847362,1847506,1173.266958,1.173266958,"LINESTRING (5.353303398891562 60.47631565733449, 5.3712996306442005 60.482034144211354)",32158V2482021,0.021029315,14032
1853430,945719,1835.872481,1.835872481,"LINESTRING (7.097950640624595 62.60704778170967, 7.088240496030119 62.62294259081581)",99999V2568304,0.007354541,3445
1853486,1233937,486.1960444,0.486196044,"LINESTRING (7.139782419321816 62.610812380368046, 7.146763136941531 62.61377998693823)",96654V2568305,-0.01742507,1645
363114,356032,8605.134634,8.605134634,"LINESTRING (11.118288127288716 60.800214155854334, 11.002724594893431 60.85327658066187)",14178V705183,-0.010173345,17260
1854794,1854870,11300.5847,11.3005847,"LINESTRING (13.322650874412526 68.07627480325694, 13.182103334875222 67.98930236137221)",21008V885200,0,1072
1854795,665731,8304.036067,8.304036067,"LINESTRING (20.353522012103674 69.50685467578417, 20.542444267243905 69.54163404995938)",23071V1125776,0.003981558,513
1854796,332952,14068.21455,14.06821455,"LINESTRING (7.408220014521703 62.56369062623124, 7.682508833493104 62.55807459731853)",60539V248942,0,1844
1854797,936216,23445.79598,23.44579598,"LINESTRING (7.546122095000506 62.79572554987923, 7.7880812904613625 62.975442135813765)",49611V249530,0.000261838,2390
1854799,1212916,14846.99033,14.84699033,"LINESTRING (5.793901198911979 59.60258982289302, 5.611448998678113 59.506252891936434)",39215V320588,-0.004021488,4275
1854800,439585,11255.06729,11.25506729,"LINESTRING (16.95756728786729 68.51818048276184, 16.691177025869198 68.4913975975477)",31588V886040,0.010738807,1396
1854801,1811243,20258.67602,20.25867602,"LINESTRING (5.649463606117813 61.14943995314912, 5.776468827008686 61.32107389404767)",84325V384020,-0.00208676,1323
1854802,1303455,11190.32194,11.19032194,"LINESTRING (15.452635997195879 67.14579224357686, 15.42582136508878 67.24589114891754)",86717V885139,-0.000897472,1832
1854804,519657,16977.44029,16.97744029,"LINESTRING (8.78347443921047 59.61110597330354, 8.632771898426105 59.47890520954082)",87902V521385,-0.002140016,1890
1854806,932344,13043.22057,13.04322057,"LINESTRING (13.281151580098765 65.72688171853531, 13.209798120784669 65.84047220282731)",19474V885911,0.005160075,1478
1854809,826281,15947.17189,15.94717189,"LINESTRING (13.270200587193695 65.02982159516019, 13.368908673443311 65.16708361124903)",00509V885112,-0.010259311,529
1854810,1262340,16097.31496,16.09731496,"LINESTRING (8.003803990168796 62.401787204896316, 7.761524575916197 62.49342803775059)",32695V249540,0.032683712,1281
1854813,979185,23539.59028,23.53959028,"LINESTRING (25.025676875090795 70.26213028130589, 24.979631869384693 70.05101143200591)",12750V930437,-0.000600435,552
1854814,1854900,9287.067606,9.287067606,"LINESTRING (25.528298063350498 70.70042578366468, 25.637681254685262 70.7757493226982)",04512V930297,0,201
1854821,941253,11806.23998,11.80623998,"LINESTRING (14.697958733149362 68.32904602932473, 14.561378734002387 68.23566953072798)",63904V885194,0.000765358,1345
1854822,975964,18846.09471,18.84609471,"LINESTRING (14.416044488522955 66.28953309521714, 14.591244995593089 66.13548062431376)",51812V1203972,-0.024200186,559
1854824,1854883,18707.7261,18.7077261,"LINESTRING (22.07217827411219 69.91665483957074, 22.560416375479562 69.93140261981577)",21606V930225,0,594
1854825,1010761,19775.10235,19.77510235,"LINESTRING (20.525027364221465 69.27166220276601, 20.7490991502041 69.11262786123801)",91490V1125788,0,399
1854826,1016548,11068.18521,11.06818521,"LINESTRING (18.81056833380694 69.10975214279883, 19.050571447251862 69.16075286358152)",86172V1125769,-0.014319963,2108
1854828,1854884,8455.243751,8.455243751,"LINESTRING (16.181366649375377 68.54108584475676, 15.97414178786607 68.53530252634204)",61864V885947,0,1106
1854829,263259,27847.23266,27.84723266,"LINESTRING (9.988731282095815 60.56325322109984, 9.665678226395839 60.757321021346)",42324V1060631,-0.00147336,1903
1854834,989213,15447.37192,15.44737192,"LINESTRING (25.886214627403724 71.03312654532839, 25.781448116236483 71.16783971273247)",34573V930302,-0.0184768,1237
1854838,1854890,23424.41226,23.42441226,"LINESTRING (9.41154520349861 62.17330886315008, 9.535044916992877 62.37598297377158)",24362V72144,0,838
1854839,1854891,10304.74549,10.30474549,"LINESTRING (15.980301035084524 68.03820181566877, 16.025461517496144 68.12932875300143)",67127V885933,0,818
1854841,982313,11956.72387,11.95672387,"LINESTRING (6.095512698824922 61.48907653528614, 6.307157270000471 61.52607604358691)",97853V384482,-0.017658683,2469
1854844,1670339,11433.20829,11.43320829,"LINESTRING (6.282876877620102 61.90968223028545, 6.49212769836169 61.939241728731005)",86729V384507,0,1031
1854845,687472,14953.20541,14.95320541,"LINESTRING (5.546970415649263 60.70107500343034, 5.609629684311147 60.832024478156356)",25641V1699273,-0.02370134,1495
1854849,1854803,10184.13262,10.18413262,"LINESTRING (14.287211744316973 68.24488248602316, 14.043019720032737 68.25909120699906)",03102V885959,0,966
1854850,1854805,13695.56607,13.69556607,"LINESTRING (7.330717113007725 59.79160262757651, 7.1139484251322855 59.84900605642048)",53365V521100,0,864
1854860,1854910,9510.009162,9.510009162,"LINESTRING (21.60338692768796 69.85973971171074, 21.837782600900077 69.88819727564075)",78080V1126298,0,445
1854865,1854912,5891.971417,5.891971417,"LINESTRING (15.657820414495122 67.45193743036518, 15.69444019617616 67.50303484069447)",06012V885929,0,768
1854867,1854838,9135.444276,9.135444276,"LINESTRING (9.27150322143151 62.12361644675889, 9.41154520349861 62.17330886315008)",07983V1059998,0,905
1854870,448431,11487.42146,11.48742146,"LINESTRING (13.182103334875222 67.98930236137221, 13.044288778827402 67.8998893127514)",65823V1668921,-0.000254017,469
1854872,283367,11572.35402,11.57235402,"LINESTRING (13.831657786259864 68.20441416170827, 13.607178887358863 68.14224212428616)",98389V1201959,0.001651695,5652
1854874,621978,14722.26988,14.72226988,"LINESTRING (12.135883887668536 64.28990587025604, 12.341081516846314 64.38805800463746)",31504V578608,-0.006727427,1375
1854875,634052,16651.34446,16.65134446,"LINESTRING (12.949163658033704 64.80732800787334, 13.158732470637746 64.92775517832217)",17549V578615,-0.008783495,800
1854882,602188,10465.77699,10.46577699,"LINESTRING (11.541280521751471 63.4373230505893, 11.744834602106058 63.41352376890491)",84237V578097,-0.011873653,1410
1854884,1278515,8496.825353,8.496825353,"LINESTRING (15.97414178786607 68.53530252634204, 15.76606778497077 68.52896767275016)",95011V1665559,-0.005441679,1083
1854886,969943,11168.72747,11.16872747,"LINESTRING (29.453769833855137 70.09853256948116, 29.736634059239943 70.07016517696233)",08666V930617,0.001239712,2337
1854890,444183,25173.26152,25.17326152,"LINESTRING (9.535044916992877 62.37598297377158, 9.687029077713676 62.59120709884341)",53222V2438139,0.00594039,1797
1854894,1854856,8715.716082,8.715716082,"LINESTRING (28.726553288960293 70.11993043664123, 28.897430143292368 70.06740618649458)",56355V2788140,0,427
1854899,1854876,9594.111298,9.594111298,"LINESTRING (24.404789284637584 70.34407129995954, 24.626999444227966 70.3873096774799)",57544V930596,0,874
1854906,1854812,11970.17157,11.97017157,"LINESTRING (23.985347499774132 70.21627303671912, 24.1825791250472 70.30083292243917)",86951V930595,0,570
1854909,1854902,19197.4239,19.1974239,"LINESTRING (26.054767375238633 69.71521099797158, 26.436572990435245 69.82646732809687)",49453V930259,0,141
1854913,973790,9563.723534,9.563723534,"LINESTRING (24.84920960381835 70.43054805500027, 25.07141976340873 70.47378643252064)",08346V930598,0.000918784,419
1854915,1096879,9129.837833,9.129837833,"LINESTRING (29.71391093775271 69.7793187891322, 29.87237081743274 69.71821964683545)",99160V930279,-0.009622953,953
1854918,1854920,6488.479381,6.488479381,"LINESTRING (23.314781714276098 68.78165369157571, 23.3177438001951 68.72331126908108)",85233V930344,0,235
1854919,425412,9640.232232,9.640232232,"LINESTRING (15.827418912265161 67.81167344929793, 15.859538557067815 67.89752051538932)",55974V2558758,-0.001098625,643
